"Tweet author","Tweet ID","Date posted","Tweet text",URL,Retweets,Favorited,Source
Caitlyn_Jenner,"ID 1390095712482910213","Thu May 06 00:06:59 +0000 2021"," This is what leadership looks like. #LoveOurHeroes https://t.co/UMdWev475O",https://twitter.com/Caitlyn_Jenner/statuses/1390095712482910213,183,1260,"Twitter for iPhone"
Caitlyn_Jenner,"ID 1390029840569430017","Wed May 05 19:45:14 +0000 2021"," I‚Äôll be sitting down with @seanhannity tonight at 6pm PDT/9pm EDT to talk about why I‚Äôm running for Governor and why California is worth fighting for ü•ä. Be sure to tune in! üá∫üá∏

https://t.co/CwrqEuS4GF",https://twitter.com/Caitlyn_Jenner/statuses/1390029840569430017,139,1119,"Twitter for iPhone"
Caitlyn_Jenner,"ID 1389964596593577991","Wed May 05 15:25:58 +0000 2021"," Just one of my solutions to save California. 

https://t.co/gCgSfPbAKR https://t.co/d6CXM7Lqra",https://twitter.com/Caitlyn_Jenner/statuses/1389964596593577991,80,681,"Twitter for iPhone"
Caitlyn_Jenner,"ID 1389580832034066441","Tue May 04 14:01:02 +0000 2021"," RT @Caitlyn_Jenner: WATCH: I came here with a dream 48 years ago to be the greatest athlete in the world. Now I enter a different kind of r‚Ä¶",https://twitter.com/Caitlyn_Jenner/statuses/1389580832034066441,1632,0,"Twitter Web App"
Caitlyn_Jenner,"ID 1389569889799610369","Tue May 04 13:17:33 +0000 2021"," WATCH: I came here with a dream 48 years ago to be the greatest athlete in the world. Now I enter a different kind of race, arguably my most important one yet, because California is worth fighting for! https://t.co/BHglwn5ZSE",https://twitter.com/Caitlyn_Jenner/statuses/1389569889799610369,1632,8236,"Twitter Media Studio"
Caitlyn_Jenner,"ID 1389373228771024897","Tue May 04 00:16:05 +0000 2021"," My political opponents are so scared of my candidacy they are now resorting to flat out lying about me. I said back in 2017 with Diane Sawyer, ‚ÄúI am 100 percent behind gay marriage.‚Äù https://t.co/asye3lkHJ7",https://twitter.com/Caitlyn_Jenner/statuses/1389373228771024897,183,1739,"Twitter for iPhone"
Caitlyn_Jenner,"ID 1388585005199228928","Sat May 01 20:03:58 +0000 2021"," I didn‚Äôt expect to get asked this on my Saturday morning coffee run, but I‚Äôm clear about where I stand. It‚Äôs an issue of fairness and we need to protect girls‚Äô sports in our schools.

https://t.co/YODLDQ3csP",https://twitter.com/Caitlyn_Jenner/statuses/1388585005199228928,4078,26430,"Twitter for iPhone"
Caitlyn_Jenner,"ID 1387782933331660805","Thu Apr 29 14:56:49 +0000 2021"," This recall and my campaign will be powered by everyday Californians who are sick and tired of Gavin Newsom‚Äôs failed leadership, not from those in Hollywood who are in his back pocket. https://t.co/9INP0nJVOj",https://twitter.com/Caitlyn_Jenner/statuses/1387782933331660805,180,1309,"Twitter for iPhone"
Caitlyn_Jenner,"ID 1387147989911756800","Tue Apr 27 20:53:47 +0000 2021"," The support across the country and across the state has been incredible. Stay tuned for our formal launch coming soon. Meanwhile go to https://t.co/vlj4vkSnLK to get involved and join our grassroots coalition of supporters for a better CA",https://twitter.com/Caitlyn_Jenner/statuses/1387147989911756800,125,814,"Twitter for iPhone"
Caitlyn_Jenner,"ID 1387147498783916034","Tue Apr 27 20:51:50 +0000 2021"," You‚Äôre welcome, Gavin! I am glad I am such a fundraising asset to your team üòÇ #RecallGavinNewsom https://t.co/oQD0UyG8Pt",https://twitter.com/Caitlyn_Jenner/statuses/1387147498783916034,54,623,"Twitter for iPhone"
Caitlyn_Jenner,"ID 1386849076205932545","Tue Apr 27 01:06:00 +0000 2021"," Recall certified ‚úîÔ∏è game on @GavinNewsom I am fighting for you, California. Formal announcement to come soon - get on the list of our supporters! https://t.co/gCObnM7S0C https://t.co/SWw6Xua5Da",https://twitter.com/Caitlyn_Jenner/statuses/1386849076205932545,153,1100,"Twitter for iPhone"
Caitlyn_Jenner,"ID 1386770021628534786","Mon Apr 26 19:51:52 +0000 2021"," Met an awesome small business owner. A former fighter pilot, too, with a great startup called Red6. But he told me how hard it is to start and run a business in CA. I‚Äôll fix that. Congrats to Dan on becoming a US citizen two weeks ago - just in time to vote! https://t.co/sWJdZeETO0",https://twitter.com/Caitlyn_Jenner/statuses/1386770021628534786,107,1655,"Twitter for iPhone"
Caitlyn_Jenner,"ID 1386759808125227016","Mon Apr 26 19:11:17 +0000 2021"," RT @TomiLahren: Caitlyn Jenner is gonna give Greasy Gavin Newsom a run for his money and I‚Äôm here for it! We will discuss next on ‚ÄúJustice‚Äù‚Ä¶",https://twitter.com/Caitlyn_Jenner/statuses/1386759808125227016,299,0,"Twitter for iPhone"
Caitlyn_Jenner,"ID 1386511327414345731","Mon Apr 26 02:43:55 +0000 2021"," RT @NikkiHaley: Interesting. I don‚Äôt find it funny. Caitlin came to see me at the UN and I appreciated her conservative views. I will conti‚Ä¶",https://twitter.com/Caitlyn_Jenner/statuses/1386511327414345731,317,0,"Twitter for iPhone"
Caitlyn_Jenner,"ID 1386161841596866564","Sun Apr 25 03:35:11 +0000 2021"," RT @KimKardashian: ‚ù§Ô∏èüíôüß° https://t.co/tdoGJCTkhF",https://twitter.com/Caitlyn_Jenner/statuses/1386161841596866564,2158,0,"Twitter for iPhone"
Caitlyn_Jenner,"ID 1386159634034008068","Sun Apr 25 03:26:25 +0000 2021"," The #ArmenianGenocide must never be forgotten. Great article by the @latimes https://t.co/ZfWWDPZwEW",https://twitter.com/Caitlyn_Jenner/statuses/1386159634034008068,68,558,"Twitter for iPhone"
Caitlyn_Jenner,"ID 1386143332661923843","Sun Apr 25 02:21:38 +0000 2021"," Ted, that kind of condescending tone is whats wrong w/ politics. Of course I know DAs are elected, but as the CEO of the state, the buck stops with Newsom. If you want to defend the status quo then fine, but if you want to talk solutions to the crime in our streets, call anytime. https://t.co/uWWuEu4Syj",https://twitter.com/Caitlyn_Jenner/statuses/1386143332661923843,746,5078,"Twitter for iPhone"
Caitlyn_Jenner,"ID 1386059943128698883","Sat Apr 24 20:50:16 +0000 2021"," This is horrible and also avoidable. Gavin‚Äôs District Attorneys across California are releasing dangerous criminals back on to our streets. Enough is enough. #RecallGavin https://t.co/zFfxGxHWDz",https://twitter.com/Caitlyn_Jenner/statuses/1386059943128698883,1410,6182,"Twitter for iPhone"
Caitlyn_Jenner,"ID 1386020937393328128","Sat Apr 24 18:15:17 +0000 2021"," Banning fracking only increases our dependence on foreign oil, jeopardizes good paying jobs and generates less state and local tax revenue to fund our schools, health care and firefighters. Tell Gavin we need less pandering to big tech donors. Join me. https://t.co/ytCnlUqzU0 https://t.co/Qd85YttJik",https://twitter.com/Caitlyn_Jenner/statuses/1386020937393328128,1025,5847,"Twitter for iPhone"
Caitlyn_Jenner,"ID 1385823403005734923","Sat Apr 24 05:10:21 +0000 2021"," Don‚Äôt sweat it, @JoyVBehar. I‚Äôm not about cancel culture. I know where your heart is. California has bigger issues than pronouns. 

https://t.co/epPedRAjW8",https://twitter.com/Caitlyn_Jenner/statuses/1385823403005734923,722,7094,"Twitter for iPhone"
Caitlyn_Jenner,"ID 1385730447196377090","Fri Apr 23 23:00:58 +0000 2021"," Gavin Newsom is so threatened by our campaign that he‚Äôs trying to fundraise off my announcement instead of focusing on doing his actual job. 

This is what entrenched politicians do. They play politics instead of doing what‚Äôs right for the people of California. #RecallNewsom",https://twitter.com/Caitlyn_Jenner/statuses/1385730447196377090,331,2607,"Twitter for iPhone"
Caitlyn_Jenner,"ID 1385610408665370631","Fri Apr 23 15:03:59 +0000 2021"," Our campaign will be powered by everyday Californians who deserve leadership that is accountable to them, not the special interests in Sacramento.
Donate today and join the fight! https://t.co/lNGPyr1dxu #RecallGavin",https://twitter.com/Caitlyn_Jenner/statuses/1385610408665370631,404,2023,"Twitter for iPhone"
Caitlyn_Jenner,"ID 1385592674921578497","Fri Apr 23 13:53:31 +0000 2021"," I‚Äôm in! California is worth fighting for. Visit https://t.co/a1SfOAMZQ3 to follow or donate today. #RecallNewsom https://t.co/9yCck3KK4D",https://twitter.com/Caitlyn_Jenner/statuses/1385592674921578497,1363,6328,"Twitter for iPhone"
Caitlyn_Jenner,"ID 1383912418145751046","Sun Apr 18 22:36:46 +0000 2021"," @noahbeck So much fun",https://twitter.com/Caitlyn_Jenner/statuses/1383912418145751046,1,45,"Twitter for iPhone"
Caitlyn_Jenner,"ID 1383912392044605462","Sun Apr 18 22:36:40 +0000 2021"," RT @noahbeck: https://t.co/HZyrNDUGBl NEW YOUTUBE VID W CAITLYN",https://twitter.com/Caitlyn_Jenner/statuses/1383912392044605462,87,0,"Twitter for iPhone"
Caitlyn_Jenner,"ID 1383909648932081675","Sun Apr 18 22:25:46 +0000 2021"," @SherrySherryy1 @cindyAFWIFE50 @CAinsider @thedailybeast @blakersdozen @NikkiLaurenzo Still figuring it all out",https://twitter.com/Caitlyn_Jenner/statuses/1383909648932081675,1,43,"Twitter for iPhone"
Caitlyn_Jenner,"ID 1383904734373826560","Sun Apr 18 22:06:15 +0000 2021"," RT @Caitlyn_Jenner: @cindyAFWIFE50 @CAinsider @thedailybeast @blakersdozen @NikkiLaurenzo They don‚Äôt want a #lgbt fiscal conservative and s‚Ä¶",https://twitter.com/Caitlyn_Jenner/statuses/1383904734373826560,100,0,"Twitter for iPhone"
Caitlyn_Jenner,"ID 1383904528613838849","Sun Apr 18 22:05:25 +0000 2021"," @cindyAFWIFE50 @CAinsider @thedailybeast @blakersdozen @NikkiLaurenzo They don‚Äôt want a #lgbt fiscal conservative and socially liberal candidate running. I am with Californians and will decide soon. I have been here for 45+ years and love CA",https://twitter.com/Caitlyn_Jenner/statuses/1383904528613838849,100,964,"Twitter for iPhone"
Caitlyn_Jenner,"ID 1383897363249471492","Sun Apr 18 21:36:57 +0000 2021"," @parscale We met in Portugal 4-5 years ago? At a speaking engagement. Haven‚Äôt talked much since. How have you been?",https://twitter.com/Caitlyn_Jenner/statuses/1383897363249471492,2,63,"Twitter for iPhone"
Caitlyn_Jenner,"ID 1383890806243614731","Sun Apr 18 21:10:54 +0000 2021"," @porafael So fun",https://twitter.com/Caitlyn_Jenner/statuses/1383890806243614731,2,95,"Twitter for iPhone"
Caitlyn_Jenner,"ID 1383889959740837892","Sun Apr 18 21:07:32 +0000 2021"," @CAinsider @thedailybeast @blakersdozen @NikkiLaurenzo #FakeNews show me the contracts",https://twitter.com/Caitlyn_Jenner/statuses/1383889959740837892,10,95,"Twitter for iPhone"
Caitlyn_Jenner,"ID 1383810416430632961","Sun Apr 18 15:51:27 +0000 2021"," RT @RichardGrenell: Dr Fauci has never missed a paycheck through Covid 19 - which is why he is completely tone-deaf to the economic health‚Ä¶",https://twitter.com/Caitlyn_Jenner/statuses/1383810416430632961,4896,0,"Twitter for iPhone"
Caitlyn_Jenner,"ID 1383578203030126598","Sun Apr 18 00:28:43 +0000 2021"," RT @btysonmd: ENOUGH IS ENOUGH!! #RecallGavinNewsom",https://twitter.com/Caitlyn_Jenner/statuses/1383578203030126598,130,0,"Twitter for iPhone"
Caitlyn_Jenner,"ID 1383578126786064389","Sun Apr 18 00:28:25 +0000 2021"," RT @MrsT106: I bounce between NV &amp; CA often. I've been a Nevadan since 2002, but I grew up in the Central Valley &amp; lived in So Cal. I love‚Ä¶",https://twitter.com/Caitlyn_Jenner/statuses/1383578126786064389,39,0,"Twitter for iPhone"
Caitlyn_Jenner,"ID 1383577984984969218","Sun Apr 18 00:27:51 +0000 2021"," RT @KevinKileyCA: It tells you everything that California politicians are responding to the Recall by trying to make recalls harder rather‚Ä¶",https://twitter.com/Caitlyn_Jenner/statuses/1383577984984969218,1288,0,"Twitter for iPhone"
Caitlyn_Jenner,"ID 1383575902357913601","Sun Apr 18 00:19:35 +0000 2021"," @Theone2and3 Sacramento is broken - we have to do something! Thanks for support",https://twitter.com/Caitlyn_Jenner/statuses/1383575902357913601,0,12,"Twitter for iPhone"
Caitlyn_Jenner,"ID 1382427810690527233","Wed Apr 14 20:17:28 +0000 2021"," Very proud of the work that Rescue California has done! Californians are fed up with the lack of leadership in Sacramento and it‚Äôs time to #RecallGavin https://t.co/PrsIooMnC9",https://twitter.com/Caitlyn_Jenner/statuses/1382427810690527233,50,339,"Twitter for iPhone"
Caitlyn_Jenner,"ID 1381061387816865794","Sun Apr 11 01:47:48 +0000 2021"," RT @AlecMacGillis: ""Harvard researchers who have been following 224 children ages 7 to 15 found two-thirds had clinically significant sympt‚Ä¶",https://twitter.com/Caitlyn_Jenner/statuses/1381061387816865794,444,0,"Twitter for iPhone"
Caitlyn_Jenner,"ID 1380678340093218819","Sat Apr 10 00:25:42 +0000 2021"," RT @KevinKileyCA: California now has 20% of the nation's jobless claims. We're 12% of the population. Perhaps that's what Gov. Newsom meant‚Ä¶",https://twitter.com/Caitlyn_Jenner/statuses/1380678340093218819,1323,0,"Twitter for iPhone"
Caitlyn_Jenner,"ID 1379467681129111556","Tue Apr 06 16:14:59 +0000 2021"," RT @peterpham: 10M people in LA. still locked down with 1 death and 591 people in the hospital. Context? Ages? Comorbidities? With covid or‚Ä¶",https://twitter.com/Caitlyn_Jenner/statuses/1379467681129111556,470,0,"Twitter for iPhone"
Caitlyn_Jenner,"ID 1379467397162180608","Tue Apr 06 16:13:51 +0000 2021"," RT @nytimes: Gov. Asa Hutchinson of Arkansas vetoed a bill on Monday that would restrict transgender minors' access to gender-affirming med‚Ä¶",https://twitter.com/Caitlyn_Jenner/statuses/1379467397162180608,361,0,"Twitter for iPhone"
Caitlyn_Jenner,"ID 1369338090515542026","Tue Mar 09 17:23:36 +0000 2021"," So @justinsuntron from #TRON bid $2million to buy a tweet? Bid for this one and I'll make NFT on #TRON",https://twitter.com/Caitlyn_Jenner/statuses/1369338090515542026,1715,2195,"Twitter for iPhone"
Caitlyn_Jenner,"ID 1352686275816378368","Fri Jan 22 18:35:14 +0000 2021"," @SecretaryLevine so excited to see you in the new admin! Very optimistic for our community to have this level of representation. I hope to work with you in the near future. What an amazing contrast to the last 4 years! #BidenAdministration",https://twitter.com/Caitlyn_Jenner/statuses/1352686275816378368,4,23,"Twitter Web App"
Caitlyn_Jenner,"ID 1192582681340436480","Thu Nov 07 23:20:43 +0000 2019"," I am a guest on @simonmundie's Don't Tell Me The Score podcast, and you can listen right now: https://t.co/AP0lZcaxrp",https://twitter.com/Caitlyn_Jenner/statuses/1192582681340436480,112,855,"Twitter for iPhone"
Caitlyn_Jenner,"ID 1144273257014558721","Thu Jun 27 15:56:18 +0000 2019"," RT @ABC: After a transgender college student said he lost his ROTC scholarship because of Pres. Trump's transgender military ban, Caitlyn J‚Ä¶",https://twitter.com/Caitlyn_Jenner/statuses/1144273257014558721,284,0,"Twitter for iPhone"
Caitlyn_Jenner,"ID 1143220067984764934","Mon Jun 24 18:11:18 +0000 2019"," RT @apbspeakers: ‚ÄúThere‚Äôs nothing like...looking in the mirror &amp; just going out &amp; being yourself. That‚Äôs a wonderful feeling.‚Äù We recognize‚Ä¶",https://twitter.com/Caitlyn_Jenner/statuses/1143220067984764934,147,0,"Twitter for iPhone"
Caitlyn_Jenner,"ID 1112863365590769664","Mon Apr 01 23:44:37 +0000 2019"," I‚Äôll be appearing on @Itsshowtimegr with @koklonis this coming Saturday! Tune in to see the fun I had during my visit to Greece. https://t.co/vGxTpvht6i",https://twitter.com/Caitlyn_Jenner/statuses/1112863365590769664,84,604,"Twitter for iPhone"
Caitlyn_Jenner,"ID 1094804763584061441","Mon Feb 11 03:46:10 +0000 2019"," I‚Äôm raising my voice for the thousands of girls in America who have been abused or neglected. Join me in supporting @janiesfund by visiting: ‚Äãhttps://t.co/jJZQ7QcCot‚Äã #JamForJanie",https://twitter.com/Caitlyn_Jenner/statuses/1094804763584061441,91,714,"Twitter for iPhone"
Caitlyn_Jenner,"ID 1094797103103062016","Mon Feb 11 03:15:44 +0000 2019"," We love and support you Travis and Kylie! You‚Äôre so talented ‚ù§Ô∏è #GRAMMYs",https://twitter.com/Caitlyn_Jenner/statuses/1094797103103062016,131,3631,"Twitter for iPhone"
Caitlyn_Jenner,"ID 1090795221078532096","Thu Jan 31 02:13:41 +0000 2019"," Tune in TONIGHT to catch me in an all-new #MatchGame at 10|9c on ABC!",https://twitter.com/Caitlyn_Jenner/statuses/1090795221078532096,42,409,"Twitter for iPhone"
Caitlyn_Jenner,"ID 1058822542960414720","Sat Nov 03 20:45:40 +0000 2018"," RT @PinkNews: ""I am blessed to be part of this community,"" Jenner said. https://t.co/T65qyko4HO",https://twitter.com/Caitlyn_Jenner/statuses/1058822542960414720,89,0,"Twitter for iPhone"
Caitlyn_Jenner,"ID 1058508846199562240","Fri Nov 02 23:59:09 +0000 2018"," I had a great time today distributing four grants to extremely deserving organizations in the Phoenix area. I am blessed to be a part of this community https://t.co/ycJj4aD8yB",https://twitter.com/Caitlyn_Jenner/statuses/1058508846199562240,65,746,"Twitter for iPhone"
Caitlyn_Jenner,"ID 1058507491804295169","Fri Nov 02 23:53:46 +0000 2018"," RT @Fox10Danielle: Caitlyn Jenner donating thousands of dollars to a local non-profit today that works with at risk LGBTQ youth. Her founda‚Ä¶",https://twitter.com/Caitlyn_Jenner/statuses/1058507491804295169,87,0,"Twitter for iPhone"
Caitlyn_Jenner,"ID 1058506205583134722","Fri Nov 02 23:48:40 +0000 2018"," RT @12News: Caitlyn Jenner makes donation for transgender care program in Phoenix https://t.co/XEHShslzes https://t.co/wCJ0RBlYHE",https://twitter.com/Caitlyn_Jenner/statuses/1058506205583134722,40,0,"Twitter for iPhone"
Caitlyn_Jenner,"ID 1057032755895197696","Mon Oct 29 22:13:42 +0000 2018"," RT @papermagazine: ""We're going to work with anyone who is in Washington, and on a state level, on equality issues."" @Caitlyn_Jenner https:‚Ä¶",https://twitter.com/Caitlyn_Jenner/statuses/1057032755895197696,36,0,"Twitter for iPhone"
Caitlyn_Jenner,"ID 1055550158698504193","Thu Oct 25 20:02:23 +0000 2018"," https://t.co/Zocyp9YMsU",https://twitter.com/Caitlyn_Jenner/statuses/1055550158698504193,158,888,"Twitter for iPhone"
Caitlyn_Jenner,"ID 1054541363704786944","Tue Oct 23 01:13:48 +0000 2018"," RT @papermagazine: ""The Trump administration has ferociously attacked my community again."" - @Caitlyn_Jenner https://t.co/N32or7NvbU",https://twitter.com/Caitlyn_Jenner/statuses/1054541363704786944,147,0,"Twitter for iPhone"
Caitlyn_Jenner,"ID 1054478618389241856","Mon Oct 22 21:04:28 +0000 2018"," .@realDonaldTrump https://t.co/JdZn1zCQmg",https://twitter.com/Caitlyn_Jenner/statuses/1054478618389241856,3063,17141,"Twitter for iPhone"
Caitlyn_Jenner,"ID 1037047496688590848","Tue Sep 04 18:39:25 +0000 2018"," .https://t.co/WACc0d6STC follow me on Cameo and get in your personal video requests ‚ò∫Ô∏è @cameo",https://twitter.com/Caitlyn_Jenner/statuses/1037047496688590848,36,398,"Twitter for iPhone"
Caitlyn_Jenner,"ID 1032309507869687808","Wed Aug 22 16:52:20 +0000 2018"," .@ChildrensLA provides health care and helps patients more than 500K times each year. This amazing hospital also provides essential care for our trans youth. As a nonprofit the hospital relies on the generosity of the community. Help by donating today https://t.co/GL9uP5IKzx",https://twitter.com/Caitlyn_Jenner/statuses/1032309507869687808,43,351,"Twitter for iPhone"
Caitlyn_Jenner,"ID 1026507587942985728","Mon Aug 06 16:37:35 +0000 2018"," Help make #AIDS history. Post a ‚ù§Ô∏è with #LifeRide9 tagging @Kiehls and they will donate $30 to @amfAR to find a cure for #HIV. Help spread the word by tagging 3 friends!",https://twitter.com/Caitlyn_Jenner/statuses/1026507587942985728,65,408,"Twitter for iPhone"
Caitlyn_Jenner,"ID 1024399473995276288","Tue Jul 31 21:00:41 +0000 2018"," Our @CaitJennerFDN trans scholar grantee is conducting a survey on LGBT identity, particularly of those who identify as transgender. It's a nationwide survey, and it doesn't matter who you are or what your experience is, she'd love to hear from you. https://t.co/TxvdR8Gyd3",https://twitter.com/Caitlyn_Jenner/statuses/1024399473995276288,31,259,"Twitter Web Client"
Caitlyn_Jenner,"ID 1006808971909484545","Wed Jun 13 08:02:19 +0000 2018"," I‚Äôm now a Russia fan! To find out why, check out my video below for @paddypower and then you can show support too via #RainbowRussians COME ON RUSSIA!‚Äù #ad For more information, check out: https://t.co/zEEHBeykFL https://t.co/reGGbYRJxm",https://twitter.com/Caitlyn_Jenner/statuses/1006808971909484545,200,1375,"Twitter for iPhone"
Caitlyn_Jenner,"ID 1006683921000513536","Tue Jun 12 23:45:24 +0000 2018"," Working hard to make the GOP more inclusive of my community- proud of NH https://t.co/LvNnlLjLeC",https://twitter.com/Caitlyn_Jenner/statuses/1006683921000513536,92,699,"Twitter for iPhone"
Caitlyn_Jenner,"ID 973263407154528256","Mon Mar 12 18:24:13 +0000 2018"," There‚Äôs nothing more powerful than words. They reveal who you really are. Whether they are exchanged in conversation or posted online, what you say matters- #speechmoves Join the conversation and share what moves you. https://t.co/ZXdQtayipe",https://twitter.com/Caitlyn_Jenner/statuses/973263407154528256,128,613,"Twitter for iPhone"
Caitlyn_Jenner,"ID 971443719885832192","Wed Mar 07 17:53:26 +0000 2018"," So happy to be a part of the Champions of Jewish Values National Awards Gala on Thursday with @RabbiShmuely and The World Values Network. #JewishValuesGala18 https://t.co/hBXUuCJzdV",https://twitter.com/Caitlyn_Jenner/statuses/971443719885832192,54,477,"Twitter for iPhone"
Caitlyn_Jenner,"ID 964956813090107392","Sat Feb 17 20:16:46 +0000 2018"," Thanks @lushcosmetics! Keep up the good work! https://t.co/3KiI0BO2bW",https://twitter.com/Caitlyn_Jenner/statuses/964956813090107392,99,1244,"Twitter for iPhone"
Caitlyn_Jenner,"ID 927665737967091712","Mon Nov 06 22:35:21 +0000 2017"," Hey Virginians in District 13, Make history by voting tomorrow for Democratic nominee Danica Roem, Virginia House of Delegates @pwcdanica",https://twitter.com/Caitlyn_Jenner/statuses/927665737967091712,183,1424,"Twitter for iPhone"
Caitlyn_Jenner,"ID 916039112997535744","Thu Oct 05 20:35:18 +0000 2017"," Trump administration's latest in a string of attacks on trans people: trans students, trans service members, &amp; now employment protections for trans workers. This systematic gutting of non-discrimination protections for trans people is a disgrace! @jeffsessions @realDonaldTrump https://t.co/gVOoRk39fQ",https://twitter.com/Caitlyn_Jenner/statuses/916039112997535744,629,1969,"Twitter Web Client"
Caitlyn_Jenner,"ID 916002574569893890","Thu Oct 05 18:10:06 +0000 2017"," RT @WashSpeakers: We are proud to announce our partnership with the one and only @Caitlyn_Jenner! https://t.co/Cw3vSmP542",https://twitter.com/Caitlyn_Jenner/statuses/916002574569893890,57,0,"Twitter for iPhone"
Caitlyn_Jenner,"ID 912824848472084480","Tue Sep 26 23:42:57 +0000 2017"," Proud to support the @UNHumanRights global business standards. #LGBTI rights = #HumanRights https://t.co/Cbvt121TOl #Biz4LGBTI",https://twitter.com/Caitlyn_Jenner/statuses/912824848472084480,88,623,"Twitter for iPhone"
Caitlyn_Jenner,"ID 900859155421986816","Thu Aug 24 23:15:34 +0000 2017"," I love @transchorusla - Free Tickets for Active Service Trans Military &amp; Vets for LA shows on Aug 26 &amp; 27 https://t.co/PxnNR12rEN",https://twitter.com/Caitlyn_Jenner/statuses/900859155421986816,57,300,"Twitter Web Client"
Caitlyn_Jenner,"ID 899699702647595009","Mon Aug 21 18:28:19 +0000 2017"," Come ride away with me in support of @Soul2Soulhorses! Enter to win: https://t.co/Kv5eU1HAtA https://t.co/NjZNztKhKV",https://twitter.com/Caitlyn_Jenner/statuses/899699702647595009,87,649,"Twitter Web Client"
Caitlyn_Jenner,"ID 897626646106255360","Wed Aug 16 01:10:44 +0000 2017"," Thanks to all who helped defeat the bathroom bill in TX. The country has your back! Finally some good news for the trans community #texlege https://t.co/69J2m6QScr",https://twitter.com/Caitlyn_Jenner/statuses/897626646106255360,105,877,"Twitter for iPhone"
Caitlyn_Jenner,"ID 895433496189050885","Wed Aug 09 23:55:56 +0000 2017"," Hope you all watch #TheStoryOfDiana on @ABC tonight and tomorrow at 9pm. It's not what you think!",https://twitter.com/Caitlyn_Jenner/statuses/895433496189050885,59,567,"Twitter for iPhone"
Caitlyn_Jenner,"ID 895047519104770048","Tue Aug 08 22:22:12 +0000 2017"," The pressure is working! Love to see Rs and Ds working together. Keep it up! https://t.co/ZoKp1VklyV #txlege https://t.co/3JhwzJHh1P",https://twitter.com/Caitlyn_Jenner/statuses/895047519104770048,42,319,"Twitter Web Client"
Caitlyn_Jenner,"ID 890348806847340544","Wed Jul 26 23:11:12 +0000 2017"," This AM, @POTUS attacked trans people fighting for our country. Every American should be outraged. My full response: https://t.co/ALJwnvFwQg",https://twitter.com/Caitlyn_Jenner/statuses/890348806847340544,968,4830,"Twitter Web Client"
Caitlyn_Jenner,"ID 890254837257981952","Wed Jul 26 16:57:47 +0000 2017"," There are 15,000 patriotic transgender Americans in the US military fighting for all of us. What happened to your promise to fight for them? https://t.co/WzjypVC8Sr",https://twitter.com/Caitlyn_Jenner/statuses/890254837257981952,17680,55797,"Twitter Web Client"
Caitlyn_Jenner,"ID 888445158710050816","Fri Jul 21 17:06:47 +0000 2017"," Like @WHYSgiving, I am against human trafficking. If you are too, learn how you can help at https://t.co/NCeWTWMxte.",https://twitter.com/Caitlyn_Jenner/statuses/888445158710050816,78,436,"Twitter Web Client"
Caitlyn_Jenner,"ID 887402717940916224","Tue Jul 18 20:04:29 +0000 2017"," I'm in... Who's coming to #WORLDZ Cultural Marketing Summit in LA? Join me at: https://t.co/xJifglEZ6l https://t.co/XHH05x7bd0",https://twitter.com/Caitlyn_Jenner/statuses/887402717940916224,75,536,"Twitter for iPhone"
Caitlyn_Jenner,"ID 885267674095206401","Wed Jul 12 22:40:35 +0000 2017"," Joining @TheView as a co-host this Thursday and Friday. Don‚Äôt forget to tune in 11e|10c|p on ABC! https://t.co/HTHWa5etjd",https://twitter.com/Caitlyn_Jenner/statuses/885267674095206401,87,665,"Twitter Web Client"
Caitlyn_Jenner,"ID 876868719758065665","Mon Jun 19 18:26:08 +0000 2017"," We‚Äôre more than the labels we‚Äôre given. A docu by @MACcosmetics, #MoreThanT 6/23 at 7PM on @Showtime https://t.co/GS06hczCHj",https://twitter.com/Caitlyn_Jenner/statuses/876868719758065665,52,333,"Twitter Web Client"
Caitlyn_Jenner,"ID 870418780307861504","Thu Jun 01 23:16:23 +0000 2017"," June is LGTBQ Pride Month and I'm sharing what pride means to me with @POPSUGAR #PopSugarPride https://t.co/TIg7j1Z2pZ",https://twitter.com/Caitlyn_Jenner/statuses/870418780307861504,125,661,"Twitter for iPhone"
Caitlyn_Jenner,"ID 870060584930230272","Wed May 31 23:33:03 +0000 2017"," You're welcome! Love you too! https://t.co/b3wuUOHLEZ",https://twitter.com/Caitlyn_Jenner/statuses/870060584930230272,52,317,"Twitter for iPhone"
Caitlyn_Jenner,"ID 865258906301349888","Thu May 18 17:32:53 +0000 2017"," What's your secret? Share them with #SecretsOfMyLife and I may even like a few!",https://twitter.com/Caitlyn_Jenner/statuses/865258906301349888,74,407,"Twitter for iPhone"
Caitlyn_Jenner,"ID 864542666150760448","Tue May 16 18:06:48 +0000 2017"," I‚Äôve joined forces with @Prizeo to raise money for #transequality. Come fly away with me: https://t.co/TNb69EXogU https://t.co/ZkjLHvV50Z",https://twitter.com/Caitlyn_Jenner/statuses/864542666150760448,98,498,"Twitter Web Client"
Caitlyn_Jenner,"ID 864277371033014272","Tue May 16 00:32:37 +0000 2017"," TransNation 2017:
Film Festival: 10/13,14 &amp;15 @ The Cinefamily 
Queen USA: October 22 @ The ACE Theatre 
Applications Open NOW! https://t.co/2NYInPsU1U",https://twitter.com/Caitlyn_Jenner/statuses/864277371033014272,96,333,"Twitter Web Client"
Caitlyn_Jenner,"ID 863064996116221952","Fri May 12 16:15:04 +0000 2017"," Thank you to my fans in the U.K.! #SecretsOfMyLife https://t.co/VOKnHgnKNt",https://twitter.com/Caitlyn_Jenner/statuses/863064996116221952,120,590,"Twitter for iPhone"
Caitlyn_Jenner,"ID 859844553913769984","Wed May 03 18:58:11 +0000 2017"," RT @phillydotcom: A tale of two speeches: Caitlyn Jenner vs. Trump https://t.co/wRoYBZtpSG",https://twitter.com/Caitlyn_Jenner/statuses/859844553913769984,110,0,"Twitter for iPhone"
Caitlyn_Jenner,"ID 859118282879623168","Mon May 01 18:52:14 +0000 2017"," Meet me on my #SecretsofMyLife book tour! Buy tix on @IfOnly to benefit #CaitlynJennerFoundation! https://t.co/Ap1YAOAAjR",https://twitter.com/Caitlyn_Jenner/statuses/859118282879623168,101,388,"Twitter Web Client"
Caitlyn_Jenner,"ID 855936544988831744","Sun Apr 23 00:09:09 +0000 2017"," You can catch me on @GMA this Monday! #GoodMorningAmerica #SecretsOfMyLife",https://twitter.com/Caitlyn_Jenner/statuses/855936544988831744,80,531,"Twitter for iPhone"
Caitlyn_Jenner,"ID 855936102657433600","Sun Apr 23 00:07:24 +0000 2017"," Thank you @DianeSawyer for the #ABC2020 #SecretsOfMyLife interview last evening.",https://twitter.com/Caitlyn_Jenner/statuses/855936102657433600,64,584,"Twitter for iPhone"
Caitlyn_Jenner,"ID 855586779490942976","Sat Apr 22 00:59:18 +0000 2017"," Tonight I share my story on the #SecretsOfMyLife @DianeSawyer special. #ABC2020 https://t.co/fbJhmFZLti",https://twitter.com/Caitlyn_Jenner/statuses/855586779490942976,159,1028,"Twitter for iPhone"
Caitlyn_Jenner,"ID 855528473967775744","Fri Apr 21 21:07:37 +0000 2017"," Living authentically really is a wonderful thing! #SecretsOfMyLife https://t.co/0nM6YPt71V",https://twitter.com/Caitlyn_Jenner/statuses/855528473967775744,63,376,"Twitter for iPhone"
Caitlyn_Jenner,"ID 855199262971314176","Thu Apr 20 23:19:27 +0000 2017"," There is nothing more freeing than being true to yourself #SecretsofMyLife https://t.co/dLgzOtqmFn",https://twitter.com/Caitlyn_Jenner/statuses/855199262971314176,239,1127,"Twitter for iPhone"
Caitlyn_Jenner,"ID 855139068794896384","Thu Apr 20 19:20:16 +0000 2017"," My copy of #SecretsOfMyLife arrived! I can't wait for you all to read it once it's available on April 25. https://t.co/86BCL9gYMO",https://twitter.com/Caitlyn_Jenner/statuses/855139068794896384,209,1234,"Twitter for iPhone"
Caitlyn_Jenner,"ID 854813968346472448","Wed Apr 19 21:48:26 +0000 2017"," I have been on quite the journey. Read about it in #SecretsOfMyLife available next Tuesday! https://t.co/uSeTpo1JCU",https://twitter.com/Caitlyn_Jenner/statuses/854813968346472448,59,421,"Twitter for iPhone"
Caitlyn_Jenner,"ID 854383118316322816","Tue Apr 18 17:16:23 +0000 2017"," Want to win a SIGNED copy of my book? Find the details in the post below! #SecretsOfMyLife https://t.co/8zCCCedscG",https://twitter.com/Caitlyn_Jenner/statuses/854383118316322816,44,388,"Twitter for iPhone"
Caitlyn_Jenner,"ID 854097237508472833","Mon Apr 17 22:20:24 +0000 2017"," It's almost here! I hope you can join me for The Secrets of My Life book tour! #SecretsOfMyLife https://t.co/WDSjEjGdvm",https://twitter.com/Caitlyn_Jenner/statuses/854097237508472833,59,313,"Twitter for iPhone"
Caitlyn_Jenner,"ID 852957830390755328","Fri Apr 14 18:52:48 +0000 2017"," Buzz and I had a great time working on my book The Secrets of My Life #secretsofmylife https://t.co/IOeWquUOq6",https://twitter.com/Caitlyn_Jenner/statuses/852957830390755328,36,268,"Twitter for iPhone"
Caitlyn_Jenner,"ID 852677750544408577","Fri Apr 14 00:19:52 +0000 2017"," Read about my journey in The Secrets of My Life- available April, 25 #secretsofmylife https://t.co/QU3PuiF8Zf https://t.co/F6a8T5tm8b",https://twitter.com/Caitlyn_Jenner/statuses/852677750544408577,224,920,"Twitter for iPhone"
Caitlyn_Jenner,"ID 852666714332340224","Thu Apr 13 23:36:01 +0000 2017"," .@zekerchief Being trans in the public eye is no joke, but you did good buddy. You made us proud. https://t.co/YaOGh4s4h2",https://twitter.com/Caitlyn_Jenner/statuses/852666714332340224,68,716,"Twitter for iPhone"
Caitlyn_Jenner,"ID 852665768613257216","Thu Apr 13 23:32:15 +0000 2017"," Congrats @RainValdez on #LopezTVLand! You are a talented actress and filmmaker- and really funny! https://t.co/PsJfzUBqpc",https://twitter.com/Caitlyn_Jenner/statuses/852665768613257216,21,169,"Twitter for iPhone"
Caitlyn_Jenner,"ID 849755371535126528","Wed Apr 05 22:47:22 +0000 2017"," Very excited to have worked on this with Buzz. https://t.co/R4kJEAN38L",https://twitter.com/Caitlyn_Jenner/statuses/849755371535126528,34,269,"Twitter for iPhone"
Caitlyn_Jenner,"ID 847939376684204033","Fri Mar 31 22:31:16 +0000 2017"," #TransDayOfVisibility There's no better visibility than with sisters by my side. https://t.co/chtUuBlOR0",https://twitter.com/Caitlyn_Jenner/statuses/847939376684204033,229,1803,"Twitter for iPhone"
Caitlyn_Jenner,"ID 847528580917542912","Thu Mar 30 19:18:54 +0000 2017"," @NCAA and businesses need to send a message to NC that hate with a new name is still discrimination #FullRepeal",https://twitter.com/Caitlyn_Jenner/statuses/847528580917542912,19,43,"Twitter for iPhone"
Caitlyn_Jenner,"ID 847528350226628608","Thu Mar 30 19:17:59 +0000 2017"," The new law orders NC cities to discriminate against LGBT people until at least 2020 and unfair ""bathroom bans"" remain..",https://twitter.com/Caitlyn_Jenner/statuses/847528350226628608,168,669,"Twitter for iPhone"
Caitlyn_Jenner,"ID 847528061448839168","Thu Mar 30 19:16:50 +0000 2017"," This backroom deal is NOT a true repeal of #HB2...",https://twitter.com/Caitlyn_Jenner/statuses/847528061448839168,149,508,"Twitter for iPhone"
Caitlyn_Jenner,"ID 839602549569146880","Wed Mar 08 22:23:41 +0000 2017"," In honor of International Women's Day I'm supporting Bono and @ONECampaign. Join me by making sure #GirlsCount https://t.co/fPR0G4AIe3",https://twitter.com/Caitlyn_Jenner/statuses/839602549569146880,176,1107,"Twitter for iPhone"
Caitlyn_Jenner,"ID 834939317457833985","Fri Feb 24 01:33:40 +0000 2017"," Link to @TransEquality to tell Washington how we feel: https://t.co/L272I22dN6",https://twitter.com/Caitlyn_Jenner/statuses/834939317457833985,470,1428,"Twitter for iPhone"
Caitlyn_Jenner,"ID 834935434144731136","Fri Feb 24 01:18:14 +0000 2017"," Well @realDonaldTrump, from one Republican to another, this is a disaster. You made a promise to protect the LGBTQ community. Call me. https://t.co/XwYe0LNUOq",https://twitter.com/Caitlyn_Jenner/statuses/834935434144731136,13546,46119,"Twitter for iPhone"
Caitlyn_Jenner,"ID 827614244623364096","Fri Feb 03 20:26:26 +0000 2017"," So excited for Jess Herbst. She's changing history!! Jess, I'm so happy for you and excited for your journey",https://twitter.com/Caitlyn_Jenner/statuses/827614244623364096,122,716,"Twitter Web Client"
Caitlyn_Jenner,"ID 826070396080230400","Mon Jan 30 14:11:44 +0000 2017"," Pre-order at https://t.co/ytCnlUqzU0 üòä#SecretsofMyLife https://t.co/hlTPdxHlsY",https://twitter.com/Caitlyn_Jenner/statuses/826070396080230400,181,830,"Twitter for iPhone"
Caitlyn_Jenner,"ID 821811789285330944","Wed Jan 18 20:09:33 +0000 2017"," Republicans need help understanding LGBTQ üè≥Ô∏è‚Äçüåà issues and I'm here to help!",https://twitter.com/Caitlyn_Jenner/statuses/821811789285330944,769,5452,"Twitter for iPhone"
Caitlyn_Jenner,"ID 817025267143090176","Thu Jan 05 15:09:37 +0000 2017"," It's here!! üòä https://t.co/N3Hy6LvcSt",https://twitter.com/Caitlyn_Jenner/statuses/817025267143090176,246,1832,"Twitter for iPhone"
Caitlyn_Jenner,"ID 816375905845022720","Tue Jan 03 20:09:18 +0000 2017"," 2nd collaboration with @MACcosmetics coming Jan. 5th!! Who's ready to rock 2017? All sexes. All ages. All races. #maccaitlynjenner https://t.co/hHYeCtOE5c",https://twitter.com/Caitlyn_Jenner/statuses/816375905845022720,390,2512,"Twitter for iPhone"
Caitlyn_Jenner,"ID 805482422011920385","Sun Dec 04 18:42:29 +0000 2016"," #CaitlynJennerFoundation has joined w. FireFan to raise money for our community. Download &amp; play to help! https://t.co/7UjsvE3DK5! #FireFan",https://twitter.com/Caitlyn_Jenner/statuses/805482422011920385,96,501,"Twitter for iPhone"
Caitlyn_Jenner,"ID 803288442582900736","Mon Nov 28 17:24:23 +0000 2016"," Excited to share this with you all :) https://t.co/4Nsngl9Fvb",https://twitter.com/Caitlyn_Jenner/statuses/803288442582900736,216,1387,"Twitter Web Client"
Caitlyn_Jenner,"ID 801170209981612032","Tue Nov 22 21:07:17 +0000 2016"," Blown away by @BrandonJenner's new video. What a great message for right now. So proud. #IBelieve https://t.co/eIL3zVh4pp",https://twitter.com/Caitlyn_Jenner/statuses/801170209981612032,121,867,"Twitter Web Client"
Caitlyn_Jenner,"ID 798935433224847361","Wed Nov 16 17:07:05 +0000 2016"," Time for a little light in the world. These people are so inspiring! Watch their stories to celebrate #transvoices https://t.co/qhSQMvBmD8",https://twitter.com/Caitlyn_Jenner/statuses/798935433224847361,105,739,"Twitter Web Client"
Caitlyn_Jenner,"ID 792048846373199873","Fri Oct 28 17:02:15 +0000 2016"," So proud! All $1.3 mil from #MACCaitlynJenner sent to 21 #trans orgs around the US! Thanks @MACAIDSFund @MACcosmetics! #MACCares https://t.co/Nj7K84mf4p",https://twitter.com/Caitlyn_Jenner/statuses/792048846373199873,370,2296,"Twitter for iPhone"
Caitlyn_Jenner,"ID 784180355418816512","Thu Oct 06 23:55:40 +0000 2016"," Couldn't be more proud of @MISSBLOSSOM9210 on being among @bustle's #BustleUpstarts Award winners! Congrats :)",https://twitter.com/Caitlyn_Jenner/statuses/784180355418816512,81,582,"Twitter Web Client"
Caitlyn_Jenner,"ID 775753921788731392","Tue Sep 13 17:52:02 +0000 2016"," Great job @ncaa. Let's keep it going! https://t.co/j2Dd0Pmki9",https://twitter.com/Caitlyn_Jenner/statuses/775753921788731392,112,869,"Twitter Web Client"
Caitlyn_Jenner,"ID 771771180130852864","Fri Sep 02 18:06:02 +0000 2016"," Great piece from my friend @nickgadams on casting in Hollywood https://t.co/jPmh1tUBQD",https://twitter.com/Caitlyn_Jenner/statuses/771771180130852864,154,647,"Twitter for iPhone"
Caitlyn_Jenner,"ID 768166388892598272","Tue Aug 23 19:21:53 +0000 2016"," Who‚Äôs in for a round of golf? Help me promote social justice &amp; bid on my @charitybuzz auction! #golfingforgood https://t.co/5soLsiD7BY",https://twitter.com/Caitlyn_Jenner/statuses/768166388892598272,92,627,"Twitter Web Client"
Caitlyn_Jenner,"ID 765626711752908800","Tue Aug 16 19:10:07 +0000 2016"," After 2 amazing seasons of @IAmCait, it's time for the next adventure. Thank you E! &amp; thank you to the best girlfriends I could ask for!",https://twitter.com/Caitlyn_Jenner/statuses/765626711752908800,457,4343,"Twitter for iPhone"
Caitlyn_Jenner,"ID 760900517916610560","Wed Aug 03 18:09:54 +0000 2016"," RT @AnyGivenWeds: On set with @Caitlyn_Jenner and @BillSimmons at #AnyGivenWednesday! @HBO tonight at 10 PM! https://t.co/D4YVirn2xI",https://twitter.com/Caitlyn_Jenner/statuses/760900517916610560,104,0,"Twitter Web Client"
Caitlyn_Jenner,"ID 757745874776707072","Tue Jul 26 01:14:29 +0000 2016"," Now here is a deserving cause! I'm so proud of my friend @bisialimi and all the work he's done on this #lgbtrights https://t.co/30t3Lebohv",https://twitter.com/Caitlyn_Jenner/statuses/757745874776707072,180,873,"Twitter for iPhone"
Caitlyn_Jenner,"ID 756890261888700417","Sat Jul 23 16:34:35 +0000 2016"," You gotta read this. Seriously @JennyBoylan hits it out of the park on this one.  #moral imagination #trans #love  https://t.co/6zCUaDMnkA",https://twitter.com/Caitlyn_Jenner/statuses/756890261888700417,84,535,"Twitter for iPhone"
Caitlyn_Jenner,"ID 756523229393526784","Fri Jul 22 16:16:08 +0000 2016"," See the full interview at https://t.co/WZE0qMee75 :) #beyourself #ForEveryVictory #HMSport #ad @hm #HMMagazine https://t.co/K9aB0posO4",https://twitter.com/Caitlyn_Jenner/statuses/756523229393526784,190,983,"Twitter Web Client"
Caitlyn_Jenner,"ID 756254805350375424","Thu Jul 21 22:29:30 +0000 2016"," Great moves, @NBA. Now... What about you, @NCAA??  https://t.co/NDXAEwZc3f",https://twitter.com/Caitlyn_Jenner/statuses/756254805350375424,119,692,"Twitter for iPhone"
Caitlyn_Jenner,"ID 756180029680168960","Thu Jul 21 17:32:22 +0000 2016"," Still gives me goosebumps everytime. What's your victory? #ForEveryVictory #HMSport #ad @hm https://t.co/CvMptkNszV",https://twitter.com/Caitlyn_Jenner/statuses/756180029680168960,420,2076,"Twitter Web Client"
Caitlyn_Jenner,"ID 756162784212025344","Thu Jul 21 16:23:51 +0000 2016"," For all who take on challenges, fight prejudice&amp;conquer fears! Share your story under #ForEveryVictory #HMSport @hm https://t.co/ehiYEnb3jn",https://twitter.com/Caitlyn_Jenner/statuses/756162784212025344,91,667,"Twitter Web Client"
Caitlyn_Jenner,"ID 755799693867692032","Wed Jul 20 16:21:03 +0000 2016"," Great Q&amp;A this morning with @MargaretHoover at @AmericanUnity #BigTentBrunch #GOPinCLE https://t.co/FXkVZwRCVA",https://twitter.com/Caitlyn_Jenner/statuses/755799693867692032,138,1025,"Twitter for iPhone"
Caitlyn_Jenner,"ID 755798424956514304","Wed Jul 20 16:16:01 +0000 2016"," RT @MargaretHoover: About to go on w/ @Caitlyn_Jenner @AmericanUnity https://t.co/fk443dG8qr",https://twitter.com/Caitlyn_Jenner/statuses/755798424956514304,67,0,"Twitter Web Client"
Caitlyn_Jenner,"ID 752602229941604353","Mon Jul 11 20:35:28 +0000 2016"," Yes! This is the type of conversation we're looking forward to next week! Watch and share... #RNCinCLE #fairnessUSA https://t.co/O0RyWTesFB",https://twitter.com/Caitlyn_Jenner/statuses/752602229941604353,159,828,"Twitter Web Client"
Caitlyn_Jenner,"ID 751633409038884865","Sat Jul 09 04:25:44 +0000 2016"," Can't wait to hit the road to Cleveland! #gop #lgbt https://t.co/pDuD9Dd7hX",https://twitter.com/Caitlyn_Jenner/statuses/751633409038884865,256,1032,"Twitter for iPhone"
Caitlyn_Jenner,"ID 751139141367115776","Thu Jul 07 19:41:41 +0000 2016"," Look at my beautiful gals! #macaidsfund #trans @MACcosmetics #finallyfree https://t.co/iCfyJBgRcF https://t.co/Wz7N3NafgM",https://twitter.com/Caitlyn_Jenner/statuses/751139141367115776,268,1879,"Twitter for iPhone"
Caitlyn_Jenner,"ID 748589940066250752","Thu Jun 30 18:52:04 +0000 2016"," Great start to the morning!!  https://t.co/57ITGlqU9S",https://twitter.com/Caitlyn_Jenner/statuses/748589940066250752,119,819,"Twitter for iPhone"
Caitlyn_Jenner,"ID 748213112470376448","Wed Jun 29 17:54:41 +0000 2016"," They'll live in our memories. #stopthehate  https://t.co/IrCCyRY7At",https://twitter.com/Caitlyn_Jenner/statuses/748213112470376448,182,881,"Twitter for iPhone"
Caitlyn_Jenner,"ID 747769663178735617","Tue Jun 28 12:32:35 +0000 2016"," So excited to relive my gold medal journey with @SINow! Can‚Äôt believe it‚Äôs been 40 years! https://t.co/6PfAhDh4pl",https://twitter.com/Caitlyn_Jenner/statuses/747769663178735617,261,1700,"Twitter for iPhone"
Caitlyn_Jenner,"ID 747517063053205504","Mon Jun 27 19:48:50 +0000 2016"," RT @NOH8Campaign: ""There is no wrong way to be trans.¬†And there is #NOH8 in our hearts"" Big love to everyone from the cast of @IAmCait http‚Ä¶",https://twitter.com/Caitlyn_Jenner/statuses/747517063053205504,416,0,"Twitter for iPhone"
Caitlyn_Jenner,"ID 747478313539510272","Mon Jun 27 17:14:52 +0000 2016"," RT @AspenInstitute: LIVE on #Periscope: @Caitlyn_Jenner and Buzz Bissinger on stage at #SpotlightHealth https://t.co/qmri1btUNW",https://twitter.com/Caitlyn_Jenner/statuses/747478313539510272,60,0,"Twitter for iPhone"
Caitlyn_Jenner,"ID 742076105180340224","Sun Jun 12 19:28:25 +0000 2016"," Shocked &amp; heartbroken. Sending all my thoughts &amp; prayers to my bothers &amp; sisters in Orlando. Be safe the rest of this weekend friends #pride",https://twitter.com/Caitlyn_Jenner/statuses/742076105180340224,1677,9698,"Twitter for iPhone"
Caitlyn_Jenner,"ID 740669030982418433","Wed Jun 08 22:17:12 +0000 2016"," Golfing today with my friend @bryanclay, 2008 Beijing Gold medalist. Only question...Who wins the golf game?? https://t.co/07pmiKSeNB",https://twitter.com/Caitlyn_Jenner/statuses/740669030982418433,200,2568,"Twitter for iPhone"
Caitlyn_Jenner,"ID 738964250211680256","Sat Jun 04 05:23:01 +0000 2016"," Ali, you were generous every time I met you. Thank you for all you did for so many. Your memory will live on forever #Olympicgold #GOAT",https://twitter.com/Caitlyn_Jenner/statuses/738964250211680256,576,4360,"Twitter for iPhone"
Caitlyn_Jenner,"ID 738130903210164225","Wed Jun 01 22:11:35 +0000 2016"," This has been a long time in the making. Can't wait for you all to see this on Monday! #goingforgold #soyoung https://t.co/LuU0TgwTWG",https://twitter.com/Caitlyn_Jenner/statuses/738130903210164225,148,878,"Twitter for iPhone"
Caitlyn_Jenner,"ID 738093853987606530","Wed Jun 01 19:44:22 +0000 2016"," Can't believe it's been one year! @VanityFair #happyfirstbirthday #callmecait #learningtolive #bestyearofmylife https://t.co/zZItxvCeXD",https://twitter.com/Caitlyn_Jenner/statuses/738093853987606530,701,3782,"Twitter for iPhone"
Caitlyn_Jenner,"ID 731247160872730626","Fri May 13 22:18:03 +0000 2016"," What a historical day #HistoryintheMaking #excitingtimes https://t.co/kfdxCjsWQE",https://twitter.com/Caitlyn_Jenner/statuses/731247160872730626,121,617,"Twitter Web Client"
Caitlyn_Jenner,"ID 730909196087140352","Thu May 12 23:55:06 +0000 2016"," Exciting things friends! MA bill goes to vote &amp; CA passed 2 pro-LGBT bills #proudcalifornian #proudtobetrans https://t.co/EW3aW7ZIZj",https://twitter.com/Caitlyn_Jenner/statuses/730909196087140352,121,626,"Twitter for iPhone"
Caitlyn_Jenner,"ID 730484272914567170","Wed May 11 19:46:37 +0000 2016"," Love this!! @CosmopolitanUK  @MACcosmetics https://t.co/sDWvrOKcve",https://twitter.com/Caitlyn_Jenner/statuses/730484272914567170,99,548,"Twitter Web Client"
Caitlyn_Jenner,"ID 730197502373158912","Wed May 11 00:47:05 +0000 2016"," RT @glaad: VIDEO: Powerful ad debuts featuring parents, their transgender kids https://t.co/mHmf98dZDg #LGBT",https://twitter.com/Caitlyn_Jenner/statuses/730197502373158912,92,0,"Twitter for iPhone"
Caitlyn_Jenner,"ID 730196869607907329","Wed May 11 00:44:34 +0000 2016"," RT @HRC: Four Reasons Attorney General @LorettaLynch's Speech is a Milestone for #Transgender Equality #RepealHB2 https://t.co/LwVtxroAW9",https://twitter.com/Caitlyn_Jenner/statuses/730196869607907329,181,0,"Twitter for iPhone"
Caitlyn_Jenner,"ID 728262470427549698","Thu May 05 16:37:58 +0000 2016"," Seeing kids like these make it all worth it. Thanks @NickKristof for making this happen!  https://t.co/B5QHcMkOFo",https://twitter.com/Caitlyn_Jenner/statuses/728262470427549698,116,684,"Twitter for iPhone"
Caitlyn_Jenner,"ID 725089052802740225","Tue Apr 26 22:27:56 +0000 2016"," RT @nytimes: .@Caitlyn_Jenner and @NickKristof are live on Facebook talking about transgender issues and answering your questions https://t‚Ä¶",https://twitter.com/Caitlyn_Jenner/statuses/725089052802740225,85,0,"Twitter for iPhone"
Caitlyn_Jenner,"ID 724809884479401984","Tue Apr 26 03:58:37 +0000 2016"," RT @katebornstein: Was feeling üò¢, missing my #IAmCait sisters. So @Caitlyn_Jenner comes to NYC for #TIME100, &amp; DINNER happened! üòÉ now! http‚Ä¶",https://twitter.com/Caitlyn_Jenner/statuses/724809884479401984,97,0,"Twitter for iPhone"
Caitlyn_Jenner,"ID 724420293347811328","Mon Apr 25 02:10:31 +0000 2016"," I just want to thank everyone for watching this season of #IAmCait. It was full of emotion and learning and growing. I hope you enjoyed.",https://twitter.com/Caitlyn_Jenner/statuses/724420293347811328,223,2483,"Twitter for iPhone"
Caitlyn_Jenner,"ID 724416048259207169","Mon Apr 25 01:53:39 +0000 2016"," So excited about going to the church. #IAmCait",https://twitter.com/Caitlyn_Jenner/statuses/724416048259207169,141,864,"Twitter for iPhone"
Caitlyn_Jenner,"ID 724413917728927744","Mon Apr 25 01:45:11 +0000 2016"," As far as trans issues, I love being a leftist activist. I love fighting for our community. #IAmCait",https://twitter.com/Caitlyn_Jenner/statuses/724413917728927744,121,993,"Twitter for iPhone"
Caitlyn_Jenner,"ID 724411125563953152","Mon Apr 25 01:34:05 +0000 2016"," Love @JennyBoylan and her wisdom.",https://twitter.com/Caitlyn_Jenner/statuses/724411125563953152,73,625,"Twitter for iPhone"
Caitlyn_Jenner,"ID 724410677339672576","Mon Apr 25 01:32:19 +0000 2016"," Words are so important in our community and I've learned so much from these girls on how to make it better for all. #IAmCait",https://twitter.com/Caitlyn_Jenner/statuses/724410677339672576,107,764,"Twitter for iPhone"
Caitlyn_Jenner,"ID 724409732006473730","Mon Apr 25 01:28:33 +0000 2016"," LOVE the kiss! @candiscayne is a great person and a good kisser! #IAmCait",https://twitter.com/Caitlyn_Jenner/statuses/724409732006473730,98,631,"Twitter for iPhone"
Caitlyn_Jenner,"ID 724409603283259393","Mon Apr 25 01:28:02 +0000 2016"," Every family has issues, interesting that every family deals with it differently. Conversation w/ Ella &amp; her father is amazing. #IAmCait",https://twitter.com/Caitlyn_Jenner/statuses/724409603283259393,93,742,"Twitter for iPhone"
Caitlyn_Jenner,"ID 724388189985632256","Mon Apr 25 00:02:57 +0000 2016"," RT @IAmCait: The girls are making their last stop on the road. Don't miss the season finale of #IAmCait TONIGHT at 9|8c on E! https://t.co/‚Ä¶",https://twitter.com/Caitlyn_Jenner/statuses/724388189985632256,92,0,"Twitter for iPhone"
Caitlyn_Jenner,"ID 724388138626342912","Mon Apr 25 00:02:45 +0000 2016"," RT @IAmCait: The party starts TONIGHT! Join @Caitlyn_Jenner for a FB Live Stream at 5:30|4:30c. https://t.co/pMsQn5ChGR #IAmCait https://t.‚Ä¶",https://twitter.com/Caitlyn_Jenner/statuses/724388138626342912,95,0,"Twitter for iPhone"
Caitlyn_Jenner,"ID 723651464749424640","Fri Apr 22 23:15:28 +0000 2016"," Bills bills bills. Scary stuff friends, how do we help? Here are my thoughts: https://t.co/PEMfH5W8b7  #Weallneedtopee #flushdiscrimination",https://twitter.com/Caitlyn_Jenner/statuses/723651464749424640,114,556,"Twitter Web Client"
Caitlyn_Jenner,"ID 723308791932952576","Fri Apr 22 00:33:49 +0000 2016"," Love this @Target  https://t.co/sgHNbsJeVH",https://twitter.com/Caitlyn_Jenner/statuses/723308791932952576,141,971,"Twitter Web Client"
Caitlyn_Jenner,"ID 723148552705171456","Thu Apr 21 13:57:05 +0000 2016"," Another twist in this crazy life...I'm so honored to be a part this group! @TIME's 100 Most Influential People : https://t.co/Crw8b4FiwT",https://twitter.com/Caitlyn_Jenner/statuses/723148552705171456,143,797,"Twitter for iPhone"
Caitlyn_Jenner,"ID 722115968797794304","Mon Apr 18 17:33:57 +0000 2016"," Let's support @TransEquality! Bid on a bagel brunch w/ @transparent_tv cast &amp; crew: https://t.co/50UkPknKdf #Transparent",https://twitter.com/Caitlyn_Jenner/statuses/722115968797794304,84,475,"Twitter Web Client"
Caitlyn_Jenner,"ID 721881607452250113","Mon Apr 18 02:02:41 +0000 2016"," @IAmCait I've learned so much. I hope you have too. Love to you all! #iamcaitlivetweet",https://twitter.com/Caitlyn_Jenner/statuses/721881607452250113,47,232,"Twitter for iPhone"
Caitlyn_Jenner,"ID 721881325460807680","Mon Apr 18 02:01:34 +0000 2016"," @IAmCait thank you all for watching. You've made the show everything I hoped it would be #iamcaitlivetweet",https://twitter.com/Caitlyn_Jenner/statuses/721881325460807680,29,195,"Twitter for iPhone"
Caitlyn_Jenner,"ID 721880592598441984","Mon Apr 18 01:58:39 +0000 2016"," ""They were your children"" #dyinglaughing @KrisJenner has a great sense of humor #iamcaitlivetweet",https://twitter.com/Caitlyn_Jenner/statuses/721880592598441984,76,580,"Twitter for iPhone"
Caitlyn_Jenner,"ID 721880223612973056","Mon Apr 18 01:57:11 +0000 2016"," RT @IAmCait: When you can't do a real hug, hand hug. Gotta love @ScottDisick. #IAmCait https://t.co/gyTEeymJ0o",https://twitter.com/Caitlyn_Jenner/statuses/721880223612973056,133,0,"Twitter for iPhone"
Caitlyn_Jenner,"ID 721879795810762752","Mon Apr 18 01:55:29 +0000 2016"," The gingerbread houses are fantastic ... Unfortunately you can't eat them :( #iamcaitlivetweet",https://twitter.com/Caitlyn_Jenner/statuses/721879795810762752,48,438,"Twitter for iPhone"
Caitlyn_Jenner,"ID 721878962910048256","Mon Apr 18 01:52:11 +0000 2016"," @ScottDisick you have such a big heart for Kourtney and the kids #iamcaitlivetweet",https://twitter.com/Caitlyn_Jenner/statuses/721878962910048256,52,513,"Twitter for iPhone"
Caitlyn_Jenner,"ID 721878632134619136","Mon Apr 18 01:50:52 +0000 2016"," The beeping was going on for a week before @ScottDisick saved me #iamcaitlivetweet",https://twitter.com/Caitlyn_Jenner/statuses/721878632134619136,67,518,"Twitter for iPhone"
Caitlyn_Jenner,"ID 721875968017567744","Mon Apr 18 01:40:17 +0000 2016"," There are so many issues in the trans community it is overwhelming. Family, dating, jobs, family. #strongestpeopleiveevermet",https://twitter.com/Caitlyn_Jenner/statuses/721875968017567744,132,906,"Twitter for iPhone"
Caitlyn_Jenner,"ID 721875113923063808","Mon Apr 18 01:36:53 +0000 2016"," I'm wearing @candiscayne skirt in this scene... Still have it! #iamcaitlivetweet",https://twitter.com/Caitlyn_Jenner/statuses/721875113923063808,48,357,"Twitter for iPhone"
Caitlyn_Jenner,"ID 721874259266514944","Mon Apr 18 01:33:29 +0000 2016"," I love music #iamcaitlivetweet @IAmCait",https://twitter.com/Caitlyn_Jenner/statuses/721874259266514944,118,493,"Twitter for iPhone"
Caitlyn_Jenner,"ID 721873998783492098","Mon Apr 18 01:32:27 +0000 2016"," I've learned so much from the people in my life this year. It's astounding #greatexamplehere #iamcaitlivetweet",https://twitter.com/Caitlyn_Jenner/statuses/721873998783492098,96,634,"Twitter for iPhone"
Caitlyn_Jenner,"ID 721872661576421377","Mon Apr 18 01:27:08 +0000 2016"," RT @mlarana75: Yes it is. You guys R doing for trans ppl what Ellen did for gay people. We are all human &amp; just want love.  https://t.co/xn‚Ä¶",https://twitter.com/Caitlyn_Jenner/statuses/721872661576421377,65,0,"Twitter for iPhone"
Caitlyn_Jenner,"ID 721872378221887488","Mon Apr 18 01:26:01 +0000 2016"," @candiscayne we should probably play golf this week #iamcaitlivetweet",https://twitter.com/Caitlyn_Jenner/statuses/721872378221887488,10,75,"Twitter for iPhone"
Caitlyn_Jenner,"ID 721871161609465857","Mon Apr 18 01:21:11 +0000 2016"," RT @candiscayne: Not because I'm on it but this is the best reality show on television üòÅ",https://twitter.com/Caitlyn_Jenner/statuses/721871161609465857,37,0,"Twitter for iPhone"
Caitlyn_Jenner,"ID 721870827797393412","Mon Apr 18 01:19:51 +0000 2016"," RT @IAmCait: ...And more surprises. #IAmCait https://t.co/gezCYmpzVS",https://twitter.com/Caitlyn_Jenner/statuses/721870827797393412,63,0,"Twitter for iPhone"
Caitlyn_Jenner,"ID 721870368399450113","Mon Apr 18 01:18:02 +0000 2016"," I love @JennyBoylan. She's the best #iamcaitlivetweet",https://twitter.com/Caitlyn_Jenner/statuses/721870368399450113,41,381,"Twitter for iPhone"
Caitlyn_Jenner,"ID 721869699194064896","Mon Apr 18 01:15:22 +0000 2016"," Oh @candiscayne is the best. #someonetoplayscrabblewith #iamcaitlivetweet",https://twitter.com/Caitlyn_Jenner/statuses/721869699194064896,47,298,"Twitter for iPhone"
Caitlyn_Jenner,"ID 721869331701706752","Mon Apr 18 01:13:55 +0000 2016"," That rockin Chanel bag! #iamcaitlivetweet https://t.co/KWRO1fLf8P",https://twitter.com/Caitlyn_Jenner/statuses/721869331701706752,145,1386,"Twitter for iPhone"
Caitlyn_Jenner,"ID 721867734749810688","Mon Apr 18 01:07:34 +0000 2016"," Along time coming, so glad Kris and I are having this conversation #familyhealing #iamcaitlivetweet",https://twitter.com/Caitlyn_Jenner/statuses/721867734749810688,84,879,"Twitter for iPhone"
Caitlyn_Jenner,"ID 721867402858790912","Mon Apr 18 01:06:15 +0000 2016"," #gendermarkerF :)",https://twitter.com/Caitlyn_Jenner/statuses/721867402858790912,58,405,"Twitter for iPhone"
Caitlyn_Jenner,"ID 721866226398416897","Mon Apr 18 01:01:34 +0000 2016"," This is going to be heavy... #iamcaitlivetweet",https://twitter.com/Caitlyn_Jenner/statuses/721866226398416897,61,429,"Twitter for iPhone"
Caitlyn_Jenner,"ID 721864722912378882","Mon Apr 18 00:55:36 +0000 2016"," Look who showed up to join :) here we go! #IAmCait #livetweet https://t.co/M0GrfIuKvl",https://twitter.com/Caitlyn_Jenner/statuses/721864722912378882,136,1178,"Twitter for iPhone"
Caitlyn_Jenner,"ID 721858166233767938","Mon Apr 18 00:29:32 +0000 2016"," 30 minutes till showtime!#iamcait #livetweet",https://twitter.com/Caitlyn_Jenner/statuses/721858166233767938,75,522,"Twitter for iPhone"
Caitlyn_Jenner,"ID 721796936701874177","Sun Apr 17 20:26:14 +0000 2016"," Live-tweeting @IAmCait with @candiscayne tonight! Tune into E! and join us here for the party at 9e|8c. #IAmCait https://t.co/95Z0O72tfp",https://twitter.com/Caitlyn_Jenner/statuses/721796936701874177,163,1074,"Twitter Web Client"
Caitlyn_Jenner,"ID 720014486417989633","Tue Apr 12 22:23:25 +0000 2016"," Had the pleasure of being interviewed by Jake earlier this year. Truly an inspiration! So proud of him :)  https://t.co/TNBCugetkP",https://twitter.com/Caitlyn_Jenner/statuses/720014486417989633,97,669,"Twitter for iPhone"
Caitlyn_Jenner,"ID 719323595885785088","Mon Apr 11 00:38:04 +0000 2016"," Oh and guess who's meeting us in #neworleans?  Catch us together TONIGHT on @IAmCait https://t.co/NbAjzGbRXF",https://twitter.com/Caitlyn_Jenner/statuses/719323595885785088,242,2065,"Twitter for iPhone"
Caitlyn_Jenner,"ID 719321799964499968","Mon Apr 11 00:30:56 +0000 2016"," The #glam never stops. Hair on the road by @CourtneyNanson! We're #NewOrleans bound tonight on @IAmCait https://t.co/vfAYS10o5w",https://twitter.com/Caitlyn_Jenner/statuses/719321799964499968,135,1408,"Twitter for iPhone"
Caitlyn_Jenner,"ID 718577076106711040","Fri Apr 08 23:11:40 +0000 2016"," I love my girl @TransDivaChandi! She keeps me centered when things get rough. You all should check out her story: https://t.co/1IlAArkIGy",https://twitter.com/Caitlyn_Jenner/statuses/718577076106711040,139,1073,"Twitter Web Client"
Caitlyn_Jenner,"ID 718100290512158721","Thu Apr 07 15:37:05 +0000 2016"," Finally Free is here! @maccosmetics  100% of sales go to Trans programs:) https://t.co/iCfyJBgRcF #maccaitlynjenner https://t.co/2Ao9udne60",https://twitter.com/Caitlyn_Jenner/statuses/718100290512158721,594,2515,"Twitter for iPhone"
Caitlyn_Jenner,"ID 717869021362724864","Thu Apr 07 00:18:06 +0000 2016"," Read my lips...Guess what comes out tomorrow! @maccosmetics #finallyfree #seriouslyiweariteveryday #maccaitlynjenner https://t.co/B2vbA9ptdE",https://twitter.com/Caitlyn_Jenner/statuses/717869021362724864,307,2148,"Twitter Web Client"
Caitlyn_Jenner,"ID 715700802350755840","Fri Apr 01 00:42:23 +0000 2016"," #TBT For those of you that didn‚Äôt catch what went down with Hillary last Sunday, take a look :)  https://t.co/4B1sDNEyRS",https://twitter.com/Caitlyn_Jenner/statuses/715700802350755840,117,836,"Twitter Web Client"
Caitlyn_Jenner,"ID 714551305843269633","Mon Mar 28 20:34:41 +0000 2016"," Love transcends gender. Read my friend's beautiful story about his love for a trans woman. https://t.co/K4DOL1Bbsz",https://twitter.com/Caitlyn_Jenner/statuses/714551305843269633,233,1422,"Twitter for iPhone"
Caitlyn_Jenner,"ID 714531948920635392","Mon Mar 28 19:17:46 +0000 2016"," Great news from the governor of Georgia this morning. For all those from #NorthCarolina ...  https://t.co/n9jttkhoot",https://twitter.com/Caitlyn_Jenner/statuses/714531948920635392,134,720,"Twitter Web Client"
Caitlyn_Jenner,"ID 712729266685743108","Wed Mar 23 19:54:33 +0000 2016"," Another day, another time for us to stand together!! Tell @PatMcCroryNC to stop this bill with the link below #NCGA https://t.co/tlIvnHvQvC",https://twitter.com/Caitlyn_Jenner/statuses/712729266685743108,237,819,"Twitter Web Client"
Caitlyn_Jenner,"ID 712350550294138880","Tue Mar 22 18:49:40 +0000 2016"," The senseless tragedy today breaks my heart. Sending thoughts &amp; prayers to #Brussels. Time for us to stand together. https://t.co/85kDLXicSR",https://twitter.com/Caitlyn_Jenner/statuses/712350550294138880,1936,7503,WhoSay
Caitlyn_Jenner,"ID 710546424379809793","Thu Mar 17 19:20:43 +0000 2016"," It's time to pass the #transbillMA. Let's support @MassAGO &amp; this important #civilrights bill. #EveryoneWelcome https://t.co/j8CgCkh22g",https://twitter.com/Caitlyn_Jenner/statuses/710546424379809793,159,742,"Twitter Web Client"
Caitlyn_Jenner,"ID 709907575211331584","Wed Mar 16 01:02:10 +0000 2016"," A lotta gold in this pic! @nadiacomaneci10 #10sallaround #ThrowbackTuesday #olympics1976 https://t.co/tarVflhaQt",https://twitter.com/Caitlyn_Jenner/statuses/709907575211331584,168,1342,"Twitter Web Client"
Caitlyn_Jenner,"ID 709519534634340352","Mon Mar 14 23:20:13 +0000 2016"," #learningfrommygirls #willingtolisten https://t.co/M05VyaNObG",https://twitter.com/Caitlyn_Jenner/statuses/709519534634340352,338,2350,"Twitter Web Client"
Caitlyn_Jenner,"ID 709172492984647680","Mon Mar 14 00:21:12 +0000 2016"," RT @IAmCait: Get ready! @Caitlyn_Jenner and the girls are trekking through New Mexico TONIGHT at 9|8c on E! #IAmCait https://t.co/s2Nwy9fop5",https://twitter.com/Caitlyn_Jenner/statuses/709172492984647680,94,0,"Twitter Web Client"
Caitlyn_Jenner,"ID 708106776634195969","Fri Mar 11 01:46:26 +0000 2016"," Backstage with @hm! So proud to be part of their inspiring #HMSport campaign. #MoreIsComing #StayTuned https://t.co/0Tyq3tz5j7",https://twitter.com/Caitlyn_Jenner/statuses/708106776634195969,410,2687,"Twitter for iPhone"
Caitlyn_Jenner,"ID 707404060027068416","Wed Mar 09 03:14:05 +0000 2016"," Shout out to all the wonderful women in my life. Love you girls. ‚ù§Ô∏è #InternationalWomensDay",https://twitter.com/Caitlyn_Jenner/statuses/707404060027068416,701,4094,"Twitter for iPhone"
Caitlyn_Jenner,"ID 706911055214039041","Mon Mar 07 18:35:03 +0000 2016"," Meet my new friend, Ella. Her perspective is so refreshing! https://t.co/sF8oHUfzMI https://t.co/VUx1u1SM0x",https://twitter.com/Caitlyn_Jenner/statuses/706911055214039041,167,1312,"Twitter for iPhone"
Caitlyn_Jenner,"ID 706699888222986240","Mon Mar 07 04:35:57 +0000 2016"," A huge thank you to all these wonderful people that made @IAmCait happen! West Coast, are you ready? #IAmCait https://t.co/kIEXnOZCKI",https://twitter.com/Caitlyn_Jenner/statuses/706699888222986240,209,1971,WhoSay
Caitlyn_Jenner,"ID 706632946191618048","Mon Mar 07 00:09:57 +0000 2016"," We're back! Season two of @IAmCait premieres tonight at 9|8c on E! Who's excited? #IAmCait https://t.co/eyTMMpZUWI",https://twitter.com/Caitlyn_Jenner/statuses/706632946191618048,266,1933,WhoSay
Caitlyn_Jenner,"ID 706156902359687168","Sat Mar 05 16:38:19 +0000 2016"," Congrats, babe! Chip off the old block! I love my kids. Couldn't be more excited and happy for my son, @BurtJenner. https://t.co/4nxvIrVgzD",https://twitter.com/Caitlyn_Jenner/statuses/706156902359687168,161,1993,WhoSay
Caitlyn_Jenner,"ID 705837579296440320","Fri Mar 04 19:29:27 +0000 2016"," Tina, sorry I missed you at the Vanity Fair party. I can't believe I missed my favorite funny girl. We have to get ‚Ä¶ https://t.co/D7j4H3ytZ2",https://twitter.com/Caitlyn_Jenner/statuses/705837579296440320,116,946,WhoSay
Caitlyn_Jenner,"ID 705142348876017667","Wed Mar 02 21:26:51 +0000 2016"," Grateful for my new locker at Sherwood. #welcome #acceptance https://t.co/yfcWhhXWIq",https://twitter.com/Caitlyn_Jenner/statuses/705142348876017667,218,3458,WhoSay
Caitlyn_Jenner,"ID 704843298981093376","Wed Mar 02 01:38:32 +0000 2016"," Such great news! Thanks, @SDGovDaugaard, for keeping ALL kids safe today. #HifromSD https://t.co/Luyhyt7u4W",https://twitter.com/Caitlyn_Jenner/statuses/704843298981093376,144,755,"Twitter for iPhone"
Caitlyn_Jenner,"ID 704418086661652482","Mon Feb 29 21:28:53 +0000 2016"," What a night! Touch up glam selfie with Ella Giselle before last night's fabulous #VFOscarParty. https://t.co/1lXYUiwS9p",https://twitter.com/Caitlyn_Jenner/statuses/704418086661652482,204,2022,"Twitter for iPhone"
Caitlyn_Jenner,"ID 703323686959321088","Fri Feb 26 21:00:08 +0000 2016"," Finally Free! See how @MACcosmetics &amp; I are helping the trans community: https://t.co/nYDZf8Xvj9 #MACCaitlynJenner https://t.co/fKHEjeDP7g",https://twitter.com/Caitlyn_Jenner/statuses/703323686959321088,864,3129,"Twitter for iPhone"
Caitlyn_Jenner,"ID 703316143532945408","Fri Feb 26 20:30:10 +0000 2016"," Oh, and another thing. I'm excited that I'm finally free to talk about my next adventure... #staytuned",https://twitter.com/Caitlyn_Jenner/statuses/703316143532945408,181,1866,"Twitter for iPhone"
Caitlyn_Jenner,"ID 703302393451024389","Fri Feb 26 19:35:31 +0000 2016"," Some days I just gotta say...I love that I'm finally free to be me. #TransIsBeautiful",https://twitter.com/Caitlyn_Jenner/statuses/703302393451024389,809,5951,"Twitter for iPhone"
Caitlyn_Jenner,"ID 701977992805789697","Tue Feb 23 03:52:50 +0000 2016"," Tell @SDGovDaugaard to protect trans kids by vetoing #HB1008. https://t.co/aui4kiIcD5",https://twitter.com/Caitlyn_Jenner/statuses/701977992805789697,486,1171,"Twitter for iPhone"
Caitlyn_Jenner,"ID 700494514515906566","Fri Feb 19 01:38:01 +0000 2016"," Huge thanks to the Gender &amp; Sexuality Development Clinic at @ChildrensPhila for having me this week.  https://t.co/88zAUWcORE",https://twitter.com/Caitlyn_Jenner/statuses/700494514515906566,168,1285,"Twitter for iPhone"
Caitlyn_Jenner,"ID 697904484870184965","Thu Feb 11 22:06:10 +0000 2016"," Backstage getting ready for the big show in New York. #nyfw2016 https://t.co/FZJeHXzC16",https://twitter.com/Caitlyn_Jenner/statuses/697904484870184965,1881,8043,WhoSay
Caitlyn_Jenner,"ID 694715131419189248","Wed Feb 03 02:52:49 +0000 2016"," So proud to share my story and be a part of @MAKERSwomen today. I can't thank them enough https://t.co/tw3IK9t85Z",https://twitter.com/Caitlyn_Jenner/statuses/694715131419189248,133,1057,"Twitter Web Client"
Caitlyn_Jenner,"ID 692388693903024128","Wed Jan 27 16:48:23 +0000 2016"," We are proud to be nominated for a @GLAAD Media Award! #glaadawards https://t.co/t2yXRqHQL8 @IAmCait https://t.co/lkn1v70lNZ",https://twitter.com/Caitlyn_Jenner/statuses/692388693903024128,171,1094,WhoSay
Caitlyn_Jenner,"ID 691009621205610496","Sat Jan 23 21:28:26 +0000 2016"," Please send good wishes &amp; prayers out to my mom. She's not having a good day. Love you, Mom! You're an inspiration! https://t.co/ZuGSUhWYUC",https://twitter.com/Caitlyn_Jenner/statuses/691009621205610496,1114,14559,WhoSay
Caitlyn_Jenner,"ID 690938527618441217","Sat Jan 23 16:45:56 +0000 2016"," Learning to use my new toy... #TGIF https://t.co/RlwAt32GBO",https://twitter.com/Caitlyn_Jenner/statuses/690938527618441217,3053,11338,"Twitter for iPhone"
Caitlyn_Jenner,"ID 689967469428133889","Thu Jan 21 00:27:18 +0000 2016"," RIP, Bryn Kelly. I didn‚Äôt know her, but she was just as cute as can be. There are too many of these suicides. https://t.co/WqkEoqtoQt",https://twitter.com/Caitlyn_Jenner/statuses/689967469428133889,183,1341,WhoSay
Caitlyn_Jenner,"ID 689492006158995457","Tue Jan 19 16:57:59 +0000 2016"," Thrilled to reunite with my friend Buzz Bissinger. Honored that he's telling my full story. https://t.co/SlNzNau1BF https://t.co/nA59jIl3J6",https://twitter.com/Caitlyn_Jenner/statuses/689492006158995457,135,1077,WhoSay
Caitlyn_Jenner,"ID 688108579341991937","Fri Jan 15 21:20:44 +0000 2016"," Amen.  https://t.co/4pD7Nw8K5f",https://twitter.com/Caitlyn_Jenner/statuses/688108579341991937,138,968,"Twitter for iPhone"
Caitlyn_Jenner,"ID 688108374580301828","Fri Jan 15 21:19:55 +0000 2016"," Good luck! You've got this.  https://t.co/KOjNCrILA7",https://twitter.com/Caitlyn_Jenner/statuses/688108374580301828,84,778,"Twitter for iPhone"
Caitlyn_Jenner,"ID 688059331737075712","Fri Jan 15 18:05:02 +0000 2016"," You asked, I answered. Here's my 2016 New Year's resolution... What's yours? #AskCait
https://t.co/LLC5DjYchb",https://twitter.com/Caitlyn_Jenner/statuses/688059331737075712,387,2880,"Twitter Web Client"
Caitlyn_Jenner,"ID 687806665081647104","Fri Jan 15 01:21:02 +0000 2016"," The girls are back! Season two of @IAmCait premieres on March 6 at 9 pm. We can't wait! #TCA16 https://t.co/9T2VXvumF1",https://twitter.com/Caitlyn_Jenner/statuses/687806665081647104,403,2514,"Twitter Web Client"
Caitlyn_Jenner,"ID 687803143942356994","Fri Jan 15 01:07:02 +0000 2016"," RT @IAmCait: Last year @Caitlyn_Jenner changed her life, this year she'll live it. #IAmCait
https://t.co/yOWwgnEHlY",https://twitter.com/Caitlyn_Jenner/statuses/687803143942356994,611,0,"Twitter Web Client"
Caitlyn_Jenner,"ID 684548037406932992","Wed Jan 06 01:32:25 +0000 2016"," Thank you @TheAdvocateMag for such a thoughtful article!  https://t.co/D4fzfv58vh",https://twitter.com/Caitlyn_Jenner/statuses/684548037406932992,214,1276,"Twitter Web Client"
Caitlyn_Jenner,"ID 679801501066199041","Wed Dec 23 23:11:22 +0000 2015"," Seasons greetings from my home to yours! You asked about my holiday traditions. Now I want to hear yours! #AskCait
https://t.co/c7zSnDXeNI",https://twitter.com/Caitlyn_Jenner/statuses/679801501066199041,544,3955,"Twitter Web Client"
Caitlyn_Jenner,"ID 677976567117692929","Fri Dec 18 22:19:44 +0000 2015"," Wow!! Thank you, @BarbaraJWalters . I'm both humbled and honored! https://t.co/TTz5gk0EVJ",https://twitter.com/Caitlyn_Jenner/statuses/677976567117692929,180,1421,"Twitter Web Client"
Caitlyn_Jenner,"ID 676559354447855616","Tue Dec 15 00:28:14 +0000 2015"," Happy birthday, Mason and Reign! It's so fun watching you turn into great little men. ‚ù§",https://twitter.com/Caitlyn_Jenner/statuses/676559354447855616,579,6394,"Twitter Web Client"
Caitlyn_Jenner,"ID 676518394972135424","Mon Dec 14 21:45:29 +0000 2015"," Setting the record straight about some of my recent comments https://t.co/SJingmudFY",https://twitter.com/Caitlyn_Jenner/statuses/676518394972135424,650,2544,"Twitter Web Client"
Caitlyn_Jenner,"ID 675000867607678976","Thu Dec 10 17:15:22 +0000 2015"," Thank you @AmbassadorPower for advocating for trans rights ‚Äì it was an honor to meet with you. https://t.co/SBeKw01NJt",https://twitter.com/Caitlyn_Jenner/statuses/675000867607678976,168,1023,"Twitter Web Client"
Caitlyn_Jenner,"ID 674683640517894144","Wed Dec 09 20:14:49 +0000 2015"," Thank you @TIME for including me on the short list for #PersonOfTheYear! So cool! https://t.co/3BrCkCKpJE https://t.co/D0nMkXfRGJ",https://twitter.com/Caitlyn_Jenner/statuses/674683640517894144,335,2518,WhoSay
Caitlyn_Jenner,"ID 669931083727806464","Thu Nov 26 17:29:51 +0000 2015"," Happy Thanksgiving! So much to be thankful for and to share with family and friends.",https://twitter.com/Caitlyn_Jenner/statuses/669931083727806464,750,5160,WhoSay
Caitlyn_Jenner,"ID 667865597892567040","Sat Nov 21 00:42:21 +0000 2015"," In St. Louis today. Remembering the lives of brothers and sisters whose lives have been lost to anti-trans violence. https://t.co/1p8ZwzFk0l",https://twitter.com/Caitlyn_Jenner/statuses/667865597892567040,890,4846,WhoSay
Caitlyn_Jenner,"ID 667799334621200385","Fri Nov 20 20:19:03 +0000 2015"," Today is Transgender Day of Remembrance. Join me and commit to making the world a safer place for all trans people. https://t.co/5rERFBrOLt",https://twitter.com/Caitlyn_Jenner/statuses/667799334621200385,715,2745,"Twitter Web Client"
Caitlyn_Jenner,"ID 667763414517743616","Fri Nov 20 17:56:19 +0000 2015"," RT @OUTNBCUniversal: Caitlyn Jenner Shares Powerful Message to End Hate and Violence on the Transgender Day of Remembrance #pridenbcu  http‚Ä¶",https://twitter.com/Caitlyn_Jenner/statuses/667763414517743616,180,0,"Twitter Web Client"
Caitlyn_Jenner,"ID 667067834028003328","Wed Nov 18 19:52:19 +0000 2015"," RT @JennyBoylan: ‚ÄúYou‚Äôve gone to a lot of trouble to become a woman ‚Äî don‚Äôt be a stupid one‚Äù Big-ass piece on JFB in NYT  https://t.co/tWeF‚Ä¶",https://twitter.com/Caitlyn_Jenner/statuses/667067834028003328,113,0,"Twitter for iPhone"
Caitlyn_Jenner,"ID 665348312287973376","Sat Nov 14 01:59:33 +0000 2015"," I'm praying for all of you. #Paris",https://twitter.com/Caitlyn_Jenner/statuses/665348312287973376,5516,15201,"Twitter Web Client"
Caitlyn_Jenner,"ID 665344326021566465","Sat Nov 14 01:43:43 +0000 2015"," Huge thanks for our soldout event with @ChicagoHouse85 yesterday! We raised over $300k to continue the work they do for the LGBTQ community.",https://twitter.com/Caitlyn_Jenner/statuses/665344326021566465,237,2008,WhoSay
Caitlyn_Jenner,"ID 664494056203026432","Wed Nov 11 17:25:03 +0000 2015"," Last night my little angel @KendallJenner fulfilled her dream as a little girl to walk in a @VictoriasSecret show! https://t.co/nyJgWPOdzH",https://twitter.com/Caitlyn_Jenner/statuses/664494056203026432,1724,12372,WhoSay
Caitlyn_Jenner,"ID 664152652427595776","Tue Nov 10 18:48:26 +0000 2015"," RT @madeleine: .@Caitlyn_Jenner - your remarks were so moving and your message so important. You go girl! #GlamourWOTY25",https://twitter.com/Caitlyn_Jenner/statuses/664152652427595776,142,0,"Twitter Web Client"
Caitlyn_Jenner,"ID 664148614604857344","Tue Nov 10 18:32:23 +0000 2015"," Incredible to be in the same room as these remarkable women. @glamourmag @judithlight @madeleine #GlamourWOTY2015 https://t.co/KIJXxOnP1K",https://twitter.com/Caitlyn_Jenner/statuses/664148614604857344,349,2903,WhoSay
Caitlyn_Jenner,"ID 662657358980636672","Fri Nov 06 15:46:40 +0000 2015"," Another beautiful morning! Happy Friday! https://t.co/FEQStK6Umo",https://twitter.com/Caitlyn_Jenner/statuses/662657358980636672,744,7523,WhoSay
Caitlyn_Jenner,"ID 662405621837389824","Thu Nov 05 23:06:21 +0000 2015"," Happy birthday @krisjenner. Enjoy the day with our wonderful family.",https://twitter.com/Caitlyn_Jenner/statuses/662405621837389824,1160,9921,WhoSay
Caitlyn_Jenner,"ID 661579330670231552","Tue Nov 03 16:22:58 +0000 2015"," Can't believe my toothless little girl is so beautiful and 20 years old. Daddy loves you! @KendallJenner https://t.co/bZ1DjNaskA",https://twitter.com/Caitlyn_Jenner/statuses/661579330670231552,3255,15740,WhoSay
Caitlyn_Jenner,"ID 659791569613099008","Thu Oct 29 17:59:03 +0000 2015"," Truly honored to be one of @glamourmag‚Äôs Women of the Year! #EveryWomanCan #GlamourWOTY2015 https://t.co/MsA0Linxb5 https://t.co/8ZPTSqjTod",https://twitter.com/Caitlyn_Jenner/statuses/659791569613099008,1317,2062,"Twitter Web Client"
Caitlyn_Jenner,"ID 659497171687837697","Wed Oct 28 22:29:13 +0000 2015"," Thank you for all the birthday wishes! Celebrating my 66th with 66 memories from an incredible year... https://t.co/0YBQQFIVnJ",https://twitter.com/Caitlyn_Jenner/statuses/659497171687837697,363,2621,"Twitter for iPhone"
Caitlyn_Jenner,"ID 657232204066639873","Thu Oct 22 16:29:02 +0000 2015"," I'm looking forward to continuing the conversation.  #IAmCait",https://twitter.com/Caitlyn_Jenner/statuses/657232204066639873,431,2924,WhoSay
Caitlyn_Jenner,"ID 656967902608932864","Wed Oct 21 22:58:48 +0000 2015"," Happy birthday beautiful @KimKardashian! https://t.co/EfHSBYVYlC",https://twitter.com/Caitlyn_Jenner/statuses/656967902608932864,2314,13748,WhoSay
Caitlyn_Jenner,"ID 655837025120092161","Sun Oct 18 20:05:06 +0000 2015"," My sister Pam accepting the @PFLAG Advocate Award from Betty DeGeneres on my mom's behalf http://t.co/Igoy9Sx90s",https://twitter.com/Caitlyn_Jenner/statuses/655837025120092161,268,2427,"Twitter for iPhone"
Caitlyn_Jenner,"ID 654681563091759104","Thu Oct 15 15:33:42 +0000 2015"," I'm joining @glaad and taking a stand against bullying for #SpiritDay! Join me at http://t.co/mwWHWq2enn http://t.co/HIq3CL0uYJ",https://twitter.com/Caitlyn_Jenner/statuses/654681563091759104,813,4577,"Twitter for iPhone"
Caitlyn_Jenner,"ID 653718231769841665","Mon Oct 12 23:45:46 +0000 2015"," Visiting my mom and she's doing great after breaking both her hips. She's been mobile - she's tough. http://t.co/VcQoPpI7XC",https://twitter.com/Caitlyn_Jenner/statuses/653718231769841665,667,8097,WhoSay
Caitlyn_Jenner,"ID 652606273783894016","Fri Oct 09 22:07:15 +0000 2015"," I just took the @glaad #SpiritDay pledge to stand up against bullying. Join me at http://t.co/mwWHWq2enn http://t.co/dwwQyYEg0n",https://twitter.com/Caitlyn_Jenner/statuses/652606273783894016,715,4078,"Twitter for iPhone"
Caitlyn_Jenner,"ID 650697160900501504","Sun Oct 04 15:41:07 +0000 2015"," My privilege to present the @PointFoundation #HorizonAward to @zzzaaaccchhh &amp; @rhysernst at #voicesonpoint last night http://t.co/mMSMzcwEU7",https://twitter.com/Caitlyn_Jenner/statuses/650697160900501504,390,2649,"Twitter for iPhone"
Caitlyn_Jenner,"ID 647810400155758592","Sat Sep 26 16:30:09 +0000 2015"," Happy Saturday! What are your plans on this beautiful day? http://t.co/0sVLFhOd5W",https://twitter.com/Caitlyn_Jenner/statuses/647810400155758592,1049,10017,WhoSay
Caitlyn_Jenner,"ID 643851652009603072","Tue Sep 15 18:19:30 +0000 2015"," A huge thank you to my #IAmCait family. I love you all. What an amazing experience #YouBeYou https://t.co/GOlA7ucKd3
https://t.co/7B6Vx1W6y6",https://twitter.com/Caitlyn_Jenner/statuses/643851652009603072,544,3165,"Twitter Web Client"
Caitlyn_Jenner,"ID 643477416334102528","Mon Sep 14 17:32:25 +0000 2015"," I've learned so much this season! Looking forward to continuing the journey... http://t.co/JDcZ0KbAnc http://t.co/gZFmh4KzGS",https://twitter.com/Caitlyn_Jenner/statuses/643477416334102528,526,3668,"Twitter Web Client"
Caitlyn_Jenner,"ID 643275979083771904","Mon Sep 14 04:11:59 +0000 2015"," Thank you all so much for tuning in and sharing your thoughts! This season might be over but our journey is just beginning... #IAmCait",https://twitter.com/Caitlyn_Jenner/statuses/643275979083771904,677,5362,"Twitter Web Client"
Caitlyn_Jenner,"ID 643262134873276416","Mon Sep 14 03:16:58 +0000 2015"," RT @aalleexx101: Definitely learned alot throughout this series and hopefully it has helped have a better understanding of the transgender ‚Ä¶",https://twitter.com/Caitlyn_Jenner/statuses/643262134873276416,176,0,"Twitter Web Client"
Caitlyn_Jenner,"ID 643258414886293504","Mon Sep 14 03:02:11 +0000 2015"," RT @joshuamferguson: Yes we're at a good beginning @Caitlyn_Jenner Much more to articulate &amp; highlight about trans* diversity, but it's a l‚Ä¶",https://twitter.com/Caitlyn_Jenner/statuses/643258414886293504,84,0,"Twitter Web Client"
Caitlyn_Jenner,"ID 643225823814615040","Mon Sep 14 00:52:41 +0000 2015"," RT @KatelynSchrock: Congratulations on your rebirth @Caitlyn_Jenner ! So touching and happy to see you surrounded by so much love üíñ #IAmCait",https://twitter.com/Caitlyn_Jenner/statuses/643225823814615040,141,0,"Twitter Web Client"
Caitlyn_Jenner,"ID 643219562410807296","Mon Sep 14 00:27:48 +0000 2015"," RT @FoxxyGlamKitty: This discussion about religion and the challenges that religious trans people face is refreshing, mind-expanding. #IAmC‚Ä¶",https://twitter.com/Caitlyn_Jenner/statuses/643219562410807296,119,0,"Twitter Web Client"
Caitlyn_Jenner,"ID 643180263997112320","Sun Sep 13 21:51:39 +0000 2015"," Tonight's the night - our season finale at 8pm on E! Share your thoughts with me during the show using #IAmCait",https://twitter.com/Caitlyn_Jenner/statuses/643180263997112320,780,3807,WhoSay
Caitlyn_Jenner,"ID 642064536674041856","Thu Sep 10 19:58:09 +0000 2015"," How has my skin care regimen changed since transitioning? Let me give you the 411. #AskCait
https://t.co/pmhUHhh6fA",https://twitter.com/Caitlyn_Jenner/statuses/642064536674041856,651,4065,"Twitter Web Client"
Caitlyn_Jenner,"ID 641321259612143617","Tue Sep 08 18:44:38 +0000 2015"," . @TheEllenShow helped me give @MISSBLOSSOM9210 a very special surprise on the show today - can't wait for you to se‚Ä¶ http://t.co/bHAewjDUsQ",https://twitter.com/Caitlyn_Jenner/statuses/641321259612143617,579,3610,WhoSay
Caitlyn_Jenner,"ID 641277824956002304","Tue Sep 08 15:52:02 +0000 2015"," So great spending time with @KendallJenner! Love my little girl http://t.co/eUgtnTsUM2",https://twitter.com/Caitlyn_Jenner/statuses/641277824956002304,4810,25314,WhoSay
Caitlyn_Jenner,"ID 640663552462880768","Sun Sep 06 23:11:08 +0000 2015"," Burt, so glad to see you so happy. So proud of you, happy birthday. @BurtJenner http://t.co/kRg1OdJvXw",https://twitter.com/Caitlyn_Jenner/statuses/640663552462880768,508,5844,WhoSay
Caitlyn_Jenner,"ID 639125425986383872","Wed Sep 02 17:19:10 +0000 2015"," My hairstylist, Courtney, is vertically challenged. http://t.co/5gmVKNfYn2",https://twitter.com/Caitlyn_Jenner/statuses/639125425986383872,1254,10963,WhoSay
Caitlyn_Jenner,"ID 638401938627760129","Mon Aug 31 17:24:17 +0000 2015"," Meet the mastermind behind @CampAranutiq, a wonderful place for trans kids and their families http://t.co/hfBIwjj21u http://t.co/5hC5gqDL4m",https://twitter.com/Caitlyn_Jenner/statuses/638401938627760129,512,3023,"Twitter Web Client"
Caitlyn_Jenner,"ID 638107119003279361","Sun Aug 30 21:52:47 +0000 2015"," Ready for some fun tonight? Tune in with me for #IAmCait at 8pm on E!",https://twitter.com/Caitlyn_Jenner/statuses/638107119003279361,499,3633,WhoSay
Caitlyn_Jenner,"ID 636655525053108224","Wed Aug 26 21:44:40 +0000 2015"," Want to see where I keep my most-prized possession? #AskCait
https://t.co/f9Ro4SJ1Si",https://twitter.com/Caitlyn_Jenner/statuses/636655525053108224,1068,5674,"Twitter Web Client"
Caitlyn_Jenner,"ID 635594161652113409","Sun Aug 23 23:27:11 +0000 2015"," Who's ready for @IAmCait? It's going to be a good one. 8pm on E!",https://twitter.com/Caitlyn_Jenner/statuses/635594161652113409,704,5227,WhoSay
Caitlyn_Jenner,"ID 635141601086451712","Sat Aug 22 17:28:52 +0000 2015"," RT @BernsteinJacob: .@candiscayne, who once ruled the New York club scene, is back as @Caitlyn_Jenner's confidante on @IAmCait. http://t.co‚Ä¶",https://twitter.com/Caitlyn_Jenner/statuses/635141601086451712,175,0,"Twitter for iPhone"
Caitlyn_Jenner,"ID 634875663267205120","Fri Aug 21 23:52:08 +0000 2015"," RT @JennyBoylan: The piece I wrote for @people on our complex relationship with @Caitlyn_Jenner and her complex welcome to me. 
http://t.co‚Ä¶",https://twitter.com/Caitlyn_Jenner/statuses/634875663267205120,200,0,"Twitter Web Client"
Caitlyn_Jenner,"ID 634867699542155264","Fri Aug 21 23:20:29 +0000 2015"," RT @JennyBoylan: TRANS LIVES, WHITE PRIVILEGE.
My essay on the New York Times op/Ed page on the string of Trans murders this year.... http:‚Ä¶",https://twitter.com/Caitlyn_Jenner/statuses/634867699542155264,457,0,"Twitter Web Client"
Caitlyn_Jenner,"ID 634784487419813889","Fri Aug 21 17:49:50 +0000 2015"," There's always been a smile on your face and a love for life. Love the blonde locks. Happy birthday son! @BrodyJenner http://t.co/m5txVMrhbO",https://twitter.com/Caitlyn_Jenner/statuses/634784487419813889,822,10507,WhoSay
Caitlyn_Jenner,"ID 634158536558178304","Thu Aug 20 00:22:31 +0000 2015"," Turning hate into love is so beautiful and powerful - great job by this artist  https://t.co/Q8XEs6FVlO",https://twitter.com/Caitlyn_Jenner/statuses/634158536558178304,3465,11827,"Twitter Web Client"
Caitlyn_Jenner,"ID 633473568786018304","Tue Aug 18 03:00:42 +0000 2015"," I just heard... We did it! Thank you so much for voting to crown this old newbie! #SocialMediaQueen #TeenChoice http://t.co/gTxvZb9Oad",https://twitter.com/Caitlyn_Jenner/statuses/633473568786018304,2690,14429,WhoSay
Caitlyn_Jenner,"ID 633078348286005248","Mon Aug 17 00:50:14 +0000 2015"," RT @KimKardashian: Who is tuning into I Am Cait tonight? Tune into E and watch me speak my mind üò°üòç",https://twitter.com/Caitlyn_Jenner/statuses/633078348286005248,1493,0,"Twitter Web Client"
Caitlyn_Jenner,"ID 633036382022303744","Sun Aug 16 22:03:29 +0000 2015"," Another episode of #IAmCait tonight at 8pm on E! See you then!",https://twitter.com/Caitlyn_Jenner/statuses/633036382022303744,833,5833,WhoSay
Caitlyn_Jenner,"ID 631938691208863744","Thu Aug 13 21:21:39 +0000 2015"," Vote for the obvious #SocialMediaQueen in this group of young princesses! #Cait4Queen http://t.co/uSF6udnXkK http://t.co/t6FHlCJaBN",https://twitter.com/Caitlyn_Jenner/statuses/631938691208863744,1175,4784,"Twitter for iPhone"
Caitlyn_Jenner,"ID 630827050979459073","Mon Aug 10 19:44:23 +0000 2015"," Happy birthday to my little angel @KylieJenner. Officially my last adult, my work is done. Love you, proud of you! http://t.co/Ur0sYrvq02",https://twitter.com/Caitlyn_Jenner/statuses/630827050979459073,6833,37303,WhoSay
Caitlyn_Jenner,"ID 630793502398513152","Mon Aug 10 17:31:05 +0000 2015"," I was so inspired by @MISSBLOSSOM9210 when I met her at @HRC - now I want her to share her story with you. http://t.co/7PfAar7x8v",https://twitter.com/Caitlyn_Jenner/statuses/630793502398513152,585,2919,"Twitter Web Client"
Caitlyn_Jenner,"ID 630592523820359680","Mon Aug 10 04:12:28 +0000 2015"," Thank you all so much for tuning in and sharing your thoughts! #IAmCait",https://twitter.com/Caitlyn_Jenner/statuses/630592523820359680,974,8792,"Twitter Web Client"
Caitlyn_Jenner,"ID 630588414782390272","Mon Aug 10 03:56:08 +0000 2015"," RT @hap1010: So much love, respect, and support on #IAmCait . What a beautiful group of strong women. Such an uplifting show.",https://twitter.com/Caitlyn_Jenner/statuses/630588414782390272,359,0,"Twitter Web Client"
Caitlyn_Jenner,"ID 630579880892084224","Mon Aug 10 03:22:13 +0000 2015"," RT @iLeoSheng: All of these women are strong, beautiful, courageous, admirable, and deserve respect. I've loved watching them interact. #IA‚Ä¶",https://twitter.com/Caitlyn_Jenner/statuses/630579880892084224,309,0,"Twitter Web Client"
Caitlyn_Jenner,"ID 630545308645101568","Mon Aug 10 01:04:51 +0000 2015"," RT @victorortiz14: That's proof that whether you realize or not, you could be helping someone else by just being brave enough to be yoursel‚Ä¶",https://twitter.com/Caitlyn_Jenner/statuses/630545308645101568,510,0,"Twitter Web Client"
Caitlyn_Jenner,"ID 630543573813850112","Mon Aug 10 00:57:57 +0000 2015"," RT @kumar_m0: I love that these women are free to live and be who they want to be. Wish the world was more open to it. #IAmCait",https://twitter.com/Caitlyn_Jenner/statuses/630543573813850112,350,0,"Twitter Web Client"
Caitlyn_Jenner,"ID 630536171987152896","Mon Aug 10 00:28:32 +0000 2015"," RT @MISSBLOSSOM9210: I never expected this omg! Thank you Caitlyn! Omg! #IAmCait",https://twitter.com/Caitlyn_Jenner/statuses/630536171987152896,200,0,"Twitter Web Client"
Caitlyn_Jenner,"ID 630533636320727040","Mon Aug 10 00:18:28 +0000 2015"," RT @Brendashian23: I'm so happy that Cait is giving back, and using her platform for good and for the good for the trans community. #IAmCai‚Ä¶",https://twitter.com/Caitlyn_Jenner/statuses/630533636320727040,364,0,"Twitter Web Client"
Caitlyn_Jenner,"ID 630498423058399232","Sun Aug 09 21:58:32 +0000 2015"," Don't forget our date tonight! Watch @IAmCait at 8pm on E! and send me your thoughts using #IAmCait.",https://twitter.com/Caitlyn_Jenner/statuses/630498423058399232,919,5507,WhoSay
Caitlyn_Jenner,"ID 629354311252844544","Thu Aug 06 18:12:15 +0000 2015"," No #SocialMediaQueen can be crowned without posting a selfie, so here's my first! #TeenChoice http://t.co/5zMV3J2bVr http://t.co/UWVLMoRvaI",https://twitter.com/Caitlyn_Jenner/statuses/629354311252844544,7969,31038,WhoSay
Caitlyn_Jenner,"ID 628256468391735296","Mon Aug 03 17:29:49 +0000 2015"," Thank you so much for all of your questions! My friends at @HRC helped me answer some of them here: http://t.co/7OjN92MtuW",https://twitter.com/Caitlyn_Jenner/statuses/628256468391735296,612,3493,"Twitter Web Client"
Caitlyn_Jenner,"ID 626911754438598656","Fri Jul 31 00:26:24 +0000 2015"," And to think I wouldn't have qualified for this nom a few months ago... What an honor! #TeenChoice #SocialMediaQueen http://t.co/ne9NN0qr8W",https://twitter.com/Caitlyn_Jenner/statuses/626911754438598656,1440,7410,"Twitter Web Client"
Caitlyn_Jenner,"ID 626191215881367552","Wed Jul 29 00:43:14 +0000 2015"," Last week 2 transgender women were murdered. No one should be killed because they are transgender. 
Read more: http://t.co/BdcUj07Ydf",https://twitter.com/Caitlyn_Jenner/statuses/626191215881367552,4245,9675,"Twitter Web Client"
Caitlyn_Jenner,"ID 625717846845206528","Mon Jul 27 17:22:14 +0000 2015"," Trans kids need to know it gets better. This mom is fighting for their lives. 
http://t.co/Byo2mOuheH http://t.co/AWM7flsBUo",https://twitter.com/Caitlyn_Jenner/statuses/625717846845206528,2079,9967,"Twitter Web Client"
Caitlyn_Jenner,"ID 625381752907935744","Sun Jul 26 19:06:43 +0000 2015"," Tonight‚Äôs the night! Can‚Äôt wait to share my journey with you all. #IAmCait premieres at 8e on E!",https://twitter.com/Caitlyn_Jenner/statuses/625381752907935744,7301,26212,WhoSay
Caitlyn_Jenner,"ID 623926135609425920","Wed Jul 22 18:42:37 +0000 2015"," Giving @khloekardashian a run for her money, dontcha think?
https://t.co/pWVQwDAAH3",https://twitter.com/Caitlyn_Jenner/statuses/623926135609425920,2674,15121,"Twitter Web Client"
Caitlyn_Jenner,"ID 623178464015859714","Mon Jul 20 17:11:38 +0000 2015"," Still reliving the ESPYs. It was an amazing night! http://t.co/ji4ARSDbDw http://t.co/MD0r1ieXfg",https://twitter.com/Caitlyn_Jenner/statuses/623178464015859714,848,7835,"Twitter Web Client"
Caitlyn_Jenner,"ID 621767070112460801","Thu Jul 16 19:43:16 +0000 2015"," Behind the scenes of the most incredible, unforgettable night. It takes a village... #GlamSquad #ESPYs http://t.co/xMD0RW7mHE",https://twitter.com/Caitlyn_Jenner/statuses/621767070112460801,5086,25244,WhoSay
Caitlyn_Jenner,"ID 620639818758901760","Mon Jul 13 17:03:58 +0000 2015"," So thankful for the positive outpouring. I‚Äôm excited to start answering some of your awesome Qs. Love you all! http://t.co/Gnbgz6csJR",https://twitter.com/Caitlyn_Jenner/statuses/620639818758901760,1636,9610,"Twitter Web Client"
Caitlyn_Jenner,"ID 620040400149938177","Sun Jul 12 01:22:05 +0000 2015"," Blown away by @iamjohnoliver and @LastWeekTonight's show highlighting transgender rights. Bravo! https://t.co/33o1ScCwVj",https://twitter.com/Caitlyn_Jenner/statuses/620040400149938177,1002,5172,"Twitter Web Client"
Caitlyn_Jenner,"ID 619649121884860416","Fri Jul 10 23:27:17 +0000 2015"," RT @BrodyJenner: Tonight my new show #sexwithbrody with @StevieRyan &amp; @DoctorMikeDow is finally premiering on E! at 10:30pm. #excited http:‚Ä¶",https://twitter.com/Caitlyn_Jenner/statuses/619649121884860416,492,0,"Twitter Web Client"
Caitlyn_Jenner,"ID 619197605315149824","Thu Jul 09 17:33:07 +0000 2015"," Still getting the hang of this. What do you think of the color?
https://t.co/uGsVmQnLZu",https://twitter.com/Caitlyn_Jenner/statuses/619197605315149824,4140,26837,"Twitter Web Client"
Caitlyn_Jenner,"ID 618103498719293440","Mon Jul 06 17:05:32 +0000 2015"," Excited to share this with you. #JustTheBeginning http://t.co/mpDIaxaB3b http://t.co/RjgxK5YzNA",https://twitter.com/Caitlyn_Jenner/statuses/618103498719293440,1811,12700,WhoSay
Caitlyn_Jenner,"ID 617400167206100992","Sat Jul 04 18:30:45 +0000 2015"," Happy 4th of July! Proud to be an American ... where at least I am free to be me. http://t.co/MDAPve5B7C",https://twitter.com/Caitlyn_Jenner/statuses/617400167206100992,5590,35040,WhoSay
Caitlyn_Jenner,"ID 615621808960720896","Mon Jun 29 20:44:11 +0000 2015"," Such a fun dinner in NYC w/ this powerful group of trans women. They are all so beautiful. @GeenaRocero @candiscayne http://t.co/n8B3R3lN2N",https://twitter.com/Caitlyn_Jenner/statuses/615621808960720896,2663,17851,WhoSay
Caitlyn_Jenner,"ID 614894997083717632","Sat Jun 27 20:36:06 +0000 2015"," Happy birthday, beautiful! @khloekardashian http://t.co/M7geO9E9HW",https://twitter.com/Caitlyn_Jenner/statuses/614894997083717632,3628,31380,WhoSay
Caitlyn_Jenner,"ID 613040828232167425","Mon Jun 22 17:48:17 +0000 2015"," Great day yesterday for Father's Day. We had so much fun off-roading. So much love and support! Love my family! http://t.co/xemTJPuySv",https://twitter.com/Caitlyn_Jenner/statuses/613040828232167425,19929,69488,WhoSay
Caitlyn_Jenner,"ID 611338039504318465","Thu Jun 18 01:02:01 +0000 2015"," .@LaverneCox, you are fierce and fabulous! Your support means the world. Thank you for all that you do for the community. #TransIsBeautiful",https://twitter.com/Caitlyn_Jenner/statuses/611338039504318465,8628,33807,"Twitter Web Client"
Caitlyn_Jenner,"ID 609487944265658368","Fri Jun 12 22:30:24 +0000 2015"," Reading the VF article reminded me of the love &amp; good times Kris &amp; I shared for so many years. Wouldn‚Äôt trade that time for anything!",https://twitter.com/Caitlyn_Jenner/statuses/609487944265658368,4151,34618,"Twitter Web Client"
Caitlyn_Jenner,"ID 609077299028324352","Thu Jun 11 19:18:38 +0000 2015"," So proud of the talented #ItGetsBetterTour for spreading hope, love, and acceptance - one town at a time. #OneSoulataTime @GMCLA",https://twitter.com/Caitlyn_Jenner/statuses/609077299028324352,1641,12152,"Twitter Web Client"
Caitlyn_Jenner,"ID 608009758088511488","Mon Jun 08 20:36:37 +0000 2015"," Shout-out to my son @burtjenner ‚Äì congrats on a great weekend competing at #XGames. So proud of you Burt. http://t.co/tSWf9aiFC9",https://twitter.com/Caitlyn_Jenner/statuses/608009758088511488,1472,15851,"Twitter Web Client"
Caitlyn_Jenner,"ID 607313687259447296","Sat Jun 06 22:30:41 +0000 2015"," Learn from those who have walked the path before you. #TransIsBeautiful #LivingOurTruth #JustTheBeginning http://t.co/OTSS7LOSx9",https://twitter.com/Caitlyn_Jenner/statuses/607313687259447296,10561,46663,"Twitter Web Client"
Caitlyn_Jenner,"ID 606986853649149952","Sat Jun 06 00:51:57 +0000 2015"," Learned so much this week spending time in SF at the @HRC Human Rights Campaign. Unbelievably moving. Can‚Äôt wait to share more with you.",https://twitter.com/Caitlyn_Jenner/statuses/606986853649149952,2823,22616,"Twitter Web Client"
Caitlyn_Jenner,"ID 606523801585762304","Thu Jun 04 18:11:57 +0000 2015"," Happy birthday, Brandon @sprandoni! Love you. #TBT http://t.co/zR34ap1gew",https://twitter.com/Caitlyn_Jenner/statuses/606523801585762304,2579,27340,"Twitter Web Client"
Caitlyn_Jenner,"ID 605802182210809857","Tue Jun 02 18:24:30 +0000 2015"," What the hell am I going to wear?
http://t.co/HoXNQasAXM",https://twitter.com/Caitlyn_Jenner/statuses/605802182210809857,8371,45974,"Twitter Web Client"
Caitlyn_Jenner,"ID 605507298849656833","Mon Jun 01 22:52:44 +0000 2015"," Another Jenner world record, and at 65? Who'da thought! Humbled &amp; honored to have reached 1M followers in 4 hrs. Thank you for your support.",https://twitter.com/Caitlyn_Jenner/statuses/605507298849656833,47294,207495,"Twitter Web Client"
Caitlyn_Jenner,"ID 605407919820013568","Mon Jun 01 16:17:50 +0000 2015"," I'm so happy after such a long struggle to be living my true self. Welcome to the world Caitlyn. Can't wait for you to get to know her/me.",https://twitter.com/Caitlyn_Jenner/statuses/605407919820013568,195976,334679,"Twitter Web Client"
Caitlyn_Jenner,"ID 605407852342018048","Mon Jun 01 16:17:34 +0000 2015"," http://t.co/X7FvYrEH2D",https://twitter.com/Caitlyn_Jenner/statuses/605407852342018048,178021,242025,"Twitter Web Client"
